0;KVFIGGRVMCOLSICETASI
1;LIDFITAL
2;LIDFITA
3;LIDFITA
4;LIDFITA
5;LIDFITA
6;LIDFITA
7;LIDFITA
8;LIDFITA
9;LIDFITA
10;LIDFITA
11;KVFIGGRVMCOLSICETASI
12;LIDFITA
13;LIDFITA
14;LIDFITA
15;LIDFITA
16;LIDFITA
17;LIDFITA
18;LIDFITA
19;LIDFITA
20;LIDFITA
21;LIDFITA
22;LIDFIT
23;LIDFIT
24;LIDFIT
25;LIDFIT
26;ABA
27;ABA
28;ABA
29;ABA
30;ABA
31;SAC
32;SAC
33;SAC
34;AEVPHE+
35;GAF
36;GAF
37;LAFLACP
38;LAFP
39;NAF
40;NAF
41;NAF
42;NAF
43;NAF
44;NAF
45;FGRV
46;NAF
47;NAF
48;NAF
49;QAGS.BV
50;QAGEMELLI
51;QAGEMELLI
52;FGRV
53;PAHSCALH
54;CAI
55;CAI
56;CAIVAL.
57;Q.I
58;LAL
59;FGRV
60;LAL
61;LAL
62;LAL
63;LAL
64;LAL
65;LAL
66;LAL
67;LAL
68;LAL
69;LAL
70;FGRV
71;LAL
72;LAL
73;LAL
74;LAL
75;LAL
76;LAL
77;LAL
78;LAL
79;LAL
80;LAL
81;FGRV
82;LAL
83;LAL
84;LAL
85;TAM
86;TAM
87;TAM
88;TAM
89;TAM
90;FGRV
91;TAM
92;TAM
93;TAM
94;TAM
95;TAM
96;TAM
97;CAMA
98;CANXIII
99;CANXIII
100;FGRV
101;TAN
102;TAN
103;TAN
104;TAN
105;LA.
106;CAP
107;CAP
108;FGRV
109;CAP
110;CAP
111;CAP
112;CAP
113;CAP
114;CAP
115;CAP
116;CAP
117;CAP
118;CAP
119;FGRV
120;CAP
121;CAP
122;CAP
123;CAP
124;CAP
125;CAP
126;CAP
127;CAP
128;CAP
129;CAP
130;FIGLINACIR.MSMAVRIANI
131;CAP
132;CAP
133;CAP
134;CAP
135;CAP
136;CAP
137;CAP
138;FIGLINACIR.MSMAVRIANI
139;MSMACIRGI
140;NAP
141;LAPAE
142;ACIRGIF
143;PORLAR
144;FQAR
145;FQAR
146;FQAR
147;QAR
148;QAR
149;QARP
150;QARP
151;QARP
152;ACIRGIF
153;QARP
154;QARP
155;.FSAR
156;.FCARES
157;AS
158;MAS
159;APM
160;MAS
161;AT
162;ACIRGIF
163;MAT
164;MAT
165;MAT
166;MAT
167;MAT
168;MAT
169;MATB
170;ACIRGIF
171;PAI
172;PAI
173;PAI
174;T.T
175;FCAV
176;FIGMED
177;FCAV
178;SALSA
179;FCAV
180;GAVFL
181;PCLICELI
182;GAVFL
183;ACIRGIF
184;GAVFL
185;GAVFL
186;GAVFL
187;GAVFL
188;GAVFL
189;GAVFL
190;CLMF
191;GAVFL
192;GAVFL
193;ABA
194;ACIRGIF
195;ABA
196;IIICCLMM
197;CLLIMI
198;ACH.
199;QAEAD
200;QAEAD
201;CAEFFM
202;CAEFFM
203;ACIRGIF
204;CAEFFM
205;CAEFFM
206;.AEFM
207;CAE.
208;CAELIFB
209;CAELIFB
210;CAELIFB
211;LAEL
212;LAEL
213;LAEL
214;.AEL
215;.AEL
216;LAELPHO
217;LAELPHO
218;LAEL
219;LAEMAROL
220;ACIRGIF
221;QAEOPO
222;QAEOPO
223;QAEOPCOL
224;MAEARIFI.CIANI
225;MAEARIFICIANI
226;MAEARIFICIANI
227;MAEARIFICIANI
228;ACIRGIF
229;AELFO
230;AELFO
231;AELFO
232;AELFO
233;AELFO
234;AELFO
235;AELFO
236;AELFO
237;AELFO
238;AELFO
239;AELFO
240;AELFO
241;AELFO
242;AELFO
243;AELFO
244;AELFO
245;AELFO
246;AELFO
247;AELFO
248;ACIRGI
249;AELFO
250;AELFO
251;AELFO
252;AELFO
253;AELFO
254;AELFO
255;AELFO
256;AELFO
257;ACIRGI
258;MAELALEX
259;QAELIMINICIANI
260;AEMEVP
261;AEMEVP
262;AEMEVP
263;AEMEVP
264;ACIRGI
265;AEME+
266;AEMEVP
267;AEMEVP
268;.EMEN
269;.EMEN
270;.EMEN
271;.EMEN
272;MAEME
273;ACIRGI
274;MAEMRVS
275;MAEMRVS
276;MAEMRVS
277;MAEMRVS
278;MAEMRVS
279;MAEMRVS
280;AETIAELI
281;AGRICOLAE
282;ACIRGI
283;AGRICOLAE
284;FALBLIC
285;FALBLIC
286;FALBLIC
287;FALBLIC
288;ALBMFNARCACIRC
289;PCICELI
290;.ALPVRNIC
291;ALBMFNARCACIRC
292;ALBMFNARCACIRC
293;.ANRVFIR
294;LANTEISVRI
295;CANTONIQVIETI
296;ANTONIQVET
297;GANTQVIÊTI
298;ANTVLLE
299;ANTVLLE
300;.NTVLLAE
301;ACIPGI
302;CAPF
303;CAPS+
304;AARIVL
305;ARAXIFM
306;ARAXIFM
307;ARAXIFM
308;ARAXIFM
309;ARAXIFM
310;ACIRC
311;ARAXIFM
312;ARAXIFM
313;ARAXIFM
314;ARAXIFM
315;ARNA
316;ARNA
317;ARNA
318;ACIRG
319;ARNA
320;ARNA
321;ARNA
322;ARNA
323;APNA
324;APNA
325;APNN
326;APNN
327;APNN
328;APNN
329;FIGASVLEIANESES
330;APNN
331;PARVA
332;PARVA
333;PARVA
334;PARVA
335;PARVA
336;PARVA
337;PARVA
338;PARVA
339;ARVA
340;ARVA
341;ARVA
342;ARVA
343;ARVA
344;ARVA
345;ARVA
346;ARAA
347;ARCAPDVIC
348;ARCAPDVIC
349;ARCAPDVIC
350;GA.
351;PAI
352;CAP
353;CAP
354;ARVP
355;CAP
356;CAP
357;CAP
358;CAP
359;CAP
360;CAP
361;CAP
362;CAP
363;CAP
364;CAP
365;ATPR
366;CAP
367;CAP
368;CA.
369;CA.
370;CAP
371;CA.
372;FQAR
373;CAS
374;CAS
375;CAS
376;DATSCOL
377;CAS
378;CAS
379;CA.
380;MAS
381;.A.
382;TAM
383;TAM
384;.A.
385;.ATDEFIGINASMARSI
386;MATDEFIGNASMARSI
387;DATSCOL
388;MATDEFIGNASMARSI
389;MATDEFIGNASMARS.
390;MATDEFIGN.SMARSI
391;AVGGGNNN
392;AVG.GNN.
393;AVG.GNN.
394;AVGGGNNN
395;AVGGGNNN
396;.ACIR
397;ARAXIFM
398;DATSCOL
399;ARVP
400;ASVLE
401;ASVLE
402;ASVLE
403;ASV
404;BA.P
405;FIGB
406;.LODICIIL.
407;CALLI
408;CALLIS
409;DATSCOL
410;CALLI`.
411;CALLIS
412;CALLI.
413;FIGCEP
414;FIGCEP
415;FCVCVM
417;FCVCVM
418;F.VCVM
419;FCVCVM
420;DATSCOL
421;FCVCVM
422;.CVCV.
423;.ION.
424;EVHELPIST.
425;.VHE.ISTI
426;.VTYCESF
427;EVTYCESF
428;EVTYC
429;EVTY+
430;DFBAE
431;DATSCOL
432;LFCRESC
433;LFCCVCAT
434;LFCCVCAT
435;.FCCVCAT
436;.FCCVCAT
437;LFCCVCAT
438;LFCCVFCA.
439;LFCCVCAT
440;LFCCVFCAT
441;LFCCVFM
442;DATSCOL
443;LFCCVFM
444;LFCCVFM
445;LF+
446;ECCE+
447;ECCE+
448;LFCCVFS
449;LFCCVFS
450;LFCCVFS
451;LFCCVFS
452;LFCCVFS
453;DATSCOL
454;LFCCVFS
455;LFCCVFS
456;PNN
457;DFF
458;DFF
459;LFFG
460;LFFG
461;PFLOG
462;.FLOG
463;IIIFFIILVP
464;DATSCOL
465;IIIFFIILVP
466;.IIFFLV.
467;IIIFFIILVP
468;IFFIILVPI
469;IIIFFIILVP
470;TFAMV
471;TFAM`V
472;.FAM+
473;TFAMV
474;FMFP
475;DATSCOL
476;FMFP
477;FMFPF
478;FMFP
479;FMFP
480;FIRM
481;FLORI
482;FLORI
483;F.ORI
484;FLORI
485;FIGVLGEMESILVINI
486;DATSCOL
487;.IVLGEM.SILVINILI
488;FIGVLGEMELVALERIANI
489;GERMANI
490;FI.GR+
491;HERMO
492;QIAS
493;QIAS
494;FSCIMNIANO
495;LIVNIMELISSI
496;LIVNIMELIISSI
497;DATSCOL
498;.IVNIMELISSI
499;LIMELISSICI
500;ILFT
501;ILFT
502;ILFT
503;ILFT
504;ILFT
505;ILFT
506;.LFT
507;.LFT
508;DATSCOL
509;IVLTI
510;IVCVNDINI
511;LEONINI
512;LEONIN.
513;CM.SC
514;PMOCVFIGEDO
516;PMOCV.IGEDO
518;.MOCVFIGEDO
519;DATSCOL
521;PMOCVFIGEDO
523;PMOC.FIGEDO
524;.IMINIACRETCAN
525;.IMNACRETCAL
526;FIGMED
527;FIGMED
528;PNN
529;FIGMED
530;DATSCOL
531;FIGMED
532;FIGMED
533;FIGM.D
534;FIGMED
535;FIGMED
536;FIGMED
537;FIGMED
538;LNDEVTICI
539;QNIQN
540;PNN
541;DATSCOL
542;PNN
543;PNN
544;PNN
545;PN.
546;PNN
547;PNN
548;PNN
549;PN.
550;PNN
551;PNN
552;DATSCOL
553;PNN
554;PNN
555;PNN
556;.NN
557;PNN
558;PNN
559;PNN
560;PNNAR
561;PNNAR
562;PNNF
563;DATSCOL
564;PNNF
565;PNNF
566;PNNF
567;PNNF
568;PNNF
569;PNNF
570;.NNF
571;PNNF
572;.NNF
573;.NNF
574;DATSCOL
575;PNNN
576;PNNN
577;PNN.
578;PNNS
579;PNSIS
580;CONSFC
581;N.XIIII
582;OPTATIF
583;OPTATIF
584;APF.
585;DATSCOL
586;SPPNN
587;SP.N.
588;FPATERNI
589;FPAT
590;FPAT
591;FPAT
592;FPAT
593;FPAT
594;FPAT
595;FPAT
596;DATSCOL
597;FPA.
598;FPAT
599;FPA.
600;POPVLI
601;POPVLI
602;PORTO
603;POPVLI
604;POPVL.
605;.OPVLI
606;.OPVLI
607;DATSCOL
608;.ORTO
609;POPVL.
610;PORTO
611;PORTO
612;PORTO
613;PORTO
614;PORTO.
615;PRVNICI
616;PRVNICIANI
617;LQA
618;DATSCOL
619;LQ+
620;+VINT
621;GRA
622;GRA
623;GRA
624;GRA
625;GRA
626;GRA
627;GRA
628;GRA
629;DATSCOL
630;GRA
631;GRA
632;GRA
633;GRADOS
634;GRADOS
635;GRADOS
636;OFGRAROP
637;ROMVLI
638;QSABEL
639;FSCIMNIANO
640;DATSCOL
641;SECVND
642;VICTORI
643;VIBIO.
644;+CA+
645;CECV
646;+CLOD.S
647;.RROP
648;CA.P
649;+MSEL
650;+NI
651;DATSCOL
652;HGQR
653;+FFREC+
654;NCVC+
655;NN+
656;PM+
657;+F
658;FO
659;H
660;+I
661;+LF+
662;DATSCOL
663;+LV+FCFI+
664;+M+
665;+M
666;+M
667;+NN
668;+OIV+
669;+O
670;LIL+
671;+BF
672;+F+
673;DATSCOL
674;+BLBO+
676;+BI.
677;DATSCOL
678;DATSCOL
679;DATSCOL
680;DATSCOL
681;DATSCOL
682;DATSCOL
683;DATSCOL
684;DATSCOL
685;DATSCOL
686;DATSCOL
687;DATSCOL
688;DATSCOL
689;DATSCOL
690;DATSCOL
691;DATSCOL
692;TATILIASIATICI
693;TAASIATICI
694;ATIT+
695;ATTENIAECYTONIDIS
696;ATTENIAECYTONIDIS
697;AVR
698;AVR
699;LAVRENT
700;SAC
701;AVRSTR
702;AVRSTR
703;FBFST
704;BABP
705;BABP
706;BABP
707;BA+
708;BA+
709;BAIS
710;BALF
711;BALF
712;BALF
713;BALF
714;.ALB
715;FBELLI
716;BELLI
717;BELLI
718;BELLI
719;BELLI
720;BELLI
721;BELLI
722;BELLI
723;BELLI
724;BERQ
725;BVRB
726;BVRB
727;BVRB
728;BVRB
729;BVRB
730;BVRB
731;FC
732;FC
733;FC
734;LCANTP
735;LCANTP
736;LCANTP
737;LCANTP
738;LCANTP
739;LCANTP
740;LCANTP
741;LCANTP
742;LCANTP
743;MCC
744;MCC
745;.CC
746;QCCC
747;QCCF
748;QCCO
749;QCCO
750;AVGGGNNN
751;.CCHREST.
752;LCF
753;MCFRC
754;MCFRC
755;MCFRC
756;MCFRIGIDI
757;MCFRIGIDI
758;MCFRIGIDI
759;LCH
760;LCH
761;LCH
762;LCH
763;LCH
764;FSCIMNIANO
765;LCHE
766;LCHE
767;LCHE
768;LCHE
769;LCHE
770;LCHE
771;LCHE
772;.CHO
773;PCHO
774;PCHO
775;CVB
776;LVC
777;PCHO
778;QVCVIR
779;SVCC
780;LVF
781;PVOCCC
782;PCHO
783;CVVA
784;CVVA
785;CVVA
786;PCHO
787;.VALFAVS
788;PCHO
789;LVALTROPHIMI
790;LVALTROPHIMI
791;LTROPHIM
792;LV.LEVI.
793;PCHO
794;LVIBICHROM
795;PCHO
796;DCIAN
797;DCIAN
798;DCIAN
799;SCL
800;CAFF+
801;CAEFF.
802;.AEFFM
803;LAGER
804;LAGE.
805;CAI
806;LAL
807;SCLF
808;LAEL
809;TAM
810;TAM
811;TAM
812;TAM
813;QARP
814;CAELIFB
815;.AE.IFB
816;CAELFB
817;LCANTP
818;SCL.
819;LCANTP
820;ACHB
821;ACHB
822;M+CSV
823;M+CSV
824;CORCLE
825;COR+
826;EQFA
827;.FEPAPHRODI
828;MQFF
829;SCLH
830;MQFF
831;FBELI
832;FBELI
833;FBELI
834;FVNBELRPI
835;QIA
836;CICVTE
837;QIMFN
838;QIMFS
839;LIDFITALICAE
840;SCLH
841;LIDFITA
842;LIDFITALICAE
843;ALFO
844;ALFO
845;ALFO
846;ALFO
847;QMR
848;QMR
849;SNR
850;SNR
851;SNR
852;SNR
853;SNR
854;SNR
855;SNR
856;DOMS
857;DOMS
858;DOMS
859;DOM
860;+SPSE
861;SCLT
862;AQFVA
863;AQFV.
864;AQFVA
865;LSPBOEQ
866;MS.
867;QSASER
868;QSASER
869;QSASC
870;QSASC
871;.AXOFERREO
872;SCLT
873;SAXOFERREO
874;SAXXOFERREO
875;SAXOFERRE.
876;SCA
877;VIRAV
878;VIRAV
879;CMTC
880;O.OR
881;SCLT
882;CM
883;PCAESINGRI
884;LCM
885;LCM
886;LCM
887;LCM
888;LCM
889;LCM
890;LCM
891;LCM
892;LCM
893;LCM
894;LCM
895;LCM
896;LCM
897;LCMY
898;LCMY
899;LCMY
900;LCMY
901;LCMY
902;LCMY
903;LCMY
904;LCMY
905;LCMY
906;LCMY
907;LCMY
908;LCMY
909;LCMY
910;LCMY
911;LCMY
912;LCMY
913;LCMY
914;LCMY
915;LCMY
916;LCMY
917;LCMY
918;LCMY
919;QCM
920;QCM
921;QCM
922;QCM
923;QCM
924;AVGGGNNN
925;QCM
926;QCM
927;FCN
928;FCN
929;CCNS
930;CCNS
931;CCNS
932;CCNS
933;CCNS
934;CCNS
935;CCNS
936;CCNS
937;MCVAR
938;LCO
939;LCO
940;FCP
941;FCP
942;QCR
943;LCSPC
944;MCS
945;MCS
946;MCS
947;MCS
948;MCS
949;MCS
950;PCAEHER
951;CALLISTVSF
952;CALISTF
953;CALLIS
954;CALLIS
955;TANP
956;CARNVF
957;PAR
958;PA.RVF
959;PANRVF
960;PANRVF
961;CALLIS
962;LASFIC
963;LASFIC
964;QEOPO
965;MAELIC
966;MAEMRVS
967;ASVLEIANOLL
968;ASVLEIANOLL
969;PCHO
970;SCLT
971;LCM
972;CALL
973;LCM
974;PCAEHER
975;PCAEHER
976;PCAEHER
977;PCAEHER
978;MEEVRO
979;MEEVRO
980;+MEEVRO
981;MEEVR+
982;MEEVR+
983;CALPC
984;MEEVR+
985;MEEV+
986;CEFP
987;CEFP
988;CEFP
989;CEFP
990;IIIENNIVL
991;IIIENNIIVL
992;IIIENNIIVL
993;IIIENNIIVL
994;.IIENNIVL
995;IIIENNIVL
996;IIIENNIIVL
997;IIIENNIVL
998;IIIENNIIVL
999;IIIENNIIVL
1000;IIIENNIORIVLSAE
1001;+III.NIORIVLSAE
1002;IIIENNIORIVLSA.
1003;QFC
1004;CALPVRNB
1005;QFC
1006;QFC
1007;QFC
1008;QFC
1009;QF.
1010;QF.
1011;LFCABAB
1012;LFCABAB
1013;.FCARES
1014;LFCARES
1015;CALPVRNB
1016;LFCARES
1017;PQFF
1018;.QFF
1019;QFN
1020;.FN
1021;FMFA
1022;FMFA
1023;FMFA
1024;FELIC
1025;FELIC
1026;FELIC
1027;FELIC
1028;FELIC+
1029;FELIC
1030;CIALB
1031;CIALB
1032;CIALB
1033;CIALB
1034;CIALB
1035;CIALB
1036;+CIALB
1037;CIALB
1038;CIALB
1039;CIALB
1040;CIALB
1041;CIALB
1042;CIALB
1043;CIALB
1044;CIVALBNI
1045;CIALB
1046;CIALB
1047;CIALB
1048;CIALB
1049;MIA
1050;CIB
1051;CIB
1052;QIMF
1053;QIMF
1054;QIMF
1055;QI.F
1056;IICAMILIMELISSI
1057;QI.F
1058;QIMF+
1059;PIRPOR
1060;TIV
1061;ILF
1062;QIVLINIGRI
1063;LI+
1064;ALFO
1065;SLFCL
1066;SLFCL
1067;IICAMILIMELISSI
1068;SLFCL
1069;SLFCL
1070;SLFCL
1071;GLPVDE
1072;QMR
1073;.MR
1074;LMVE
1075;LMVE
1076;LMVE
1077;LMVE
1078;IICAMILIMELISSI
1079;LMVE
1080;LMVE
1081;LMVE
1082;LMVE
1083;LMVE
1084;LMVE
1085;.MVE
1086;PMPS
1087;+MSATVRNI
1088;PNN
1089;IICAMILIMELISSI
1090;PNN
1091;PNN+
1092;QPPRIX
1093;QPPRIX
1094;QPPYR
1095;PRISCI
1096;PRISCI
1097;PRISCI
1098;.RISCI
1099;PRISCI
1100;IICAMILIMELISSI
1101;QSDIOMI
1102;CSL
1103;LSLP
1104;LSLS
1105;LSLS
1106;LSLSE
1107;CSP
1108;QSSATVRNN
1109;QSSATVRNINI
1110;.SSATVRN.N.
1111;IICAMILIMELISSI
1112;SAXOFERR
1113;SAXOFERR
1114;SAXOFERR
1115;SAXOFERREO
1116;SAXOFERREO
1117;SCAL
1118;+YC
1119;PVFAVSTINI
1120;PVFAVSTINI
1121;PVFAV
1122;IICAMILIMELISSI
1123;PVFAVSTINI
1124;PVFAVSTINI
1125;PVFAVSTINI
1126;PVFAVSTINI
1127;VIRGIN
1128;VIRGIN
1129;VIRGIN
1130;VIRGIN
1131;FC+
1132;+ED+F
1133;IICAMILIMELISSI
1134;+C+
1135;+CF
1136;IIMVSAPS
1137;+PROIATI
1138;+RMOC+
1139;+MOC+
1140;+NI
1141;P.I
1142;Q+
1143;Q+
1144;IICAMILIMELISSI
1145;Q+
1146;QI+
1147;+PV
1148;H+
1149;+ALIC+
1150;+I
1151;L+
1152;+FN
1153;IICAMILIMELISSI
1154;IICAMILIMELISSI
1155;IICAMILIMELISSI
1156;IICAMILIMELISSI
1157;IICAMILIMELISSI
1158;IICAMILIMELISSI
1159;ATT
1160;IICAMILIMELISSI
1161;IICAMILIMELISSI
1162;IICAMILIMELISSI
1163;CAMILISILVESTRI
1164;CAMILISILVESTRI
1165;CAS
1166;CAS
1167;CAS
1168;CAS
1169;CAS
1170;CAS
1171;CAS
1172;CAS
1173;AVG.GNN.
1174;CENHISPSAE
1175;CENHISPSAE
1176;CHRYSAN
1177;MCEDO
1178;NCLEVT
1179;NCLEVT
1180;MCLSH
1181;PRS
1182;MCLSR
1183;PPS
1184;MCLSV
1185;PCLODIICELI
1186;PCLODIICELI
1187;PCLODIICELI
1188;PCLODIICELI
1189;PCIODIICEL
1190;PCIODICIILI
1191;PCIODICIILI
1192;PCIODICIILI
1193;PCIODICIILI
1194;.CODIICELI
1195;PCLICELI
1196;PCLICELI
1197;PCLICELI
1198;PCICELI
1199;PCICELI
1200;PCICELI
1201;PCICELI
1202;PCICELI
1203;PCICELI
1204;PCICELI
1205;PCICELI
1206;PCICEL
1207;PCICELI
1208;CAM+
1209;.ONSFC
1210;CONSFC
1211;CONSFC
1212;CONSFC
1213;CONSFC
1214;CONSFC
1215;CONSFC
1216;CONSFC
1217;CONSFC
1218;CONSFC
1219;CORBEL
1220;CORBEL
1221;CORBEL
1222;CORBEL
1223;CORBEL
1224;EXOFCBEL
1225;CORCLE
1226;CORCLE
1227;CVP
1228;+DEN
1229;QDC
1230;GDEC
1231;GDEC
1232;GDEC
1233;GDEC
1234;GDEC
1235;GDEC
1236;GDEC
1237;GDEC
1238;DECIIB
1239;DEMOSTE
1240;DEMOSTE
1241;DEMOSTE
1242;DIO.
1243;DOM
1244;DOM
1245;DOM
1246;DOM
1247;AVG.GNN.
1248;DOM
1249;DOM
1250;DOM
1251;DOM
1252;DOM
1253;DOM
1254;DOM
1255;DOM
1256;DOM
1257;DOM
1258;DOM
1259;DOM
1260;DOM
1261;DOMS
1262;DOMS
1263;DOMS
1264;DOMS
1265;DOMS
1266;DOMS
1267;DOMS
1268;DOMS
1269;DOMS
1270;DOMS
1271;DOMS
1272;IIIENNIORIVLIOR
1273;DOMS
1274;DOMS
1275;DOMS
1276;DOMS
1277;DOMS
1278;DOMS
1279;DOMS
1280;DOMS
1281;DOMS
1282;DOMS
1283;DOMS
1284;DOMS
1285;DOMS
1286;DOMS
1287;DOMS
1288;DOMS
1289;DOMS
1290;DOMS
1291;DOMS
1292;DOMS
1293;DOMS
1294;DOMS
1295;DOMS
1296;DOMS
1297;DOMS
1298;CE.ER
1299;MEE
1300;MEEVPRO
1301;CEFP
1302;GEF.
1303;DEF
1304;DEF
1305;MEL
1306;MEM
1307;MEM
1308;FTEP
1309;FTEP
1310;FIGASVLEIANESSES
1311;FTEP
1312;FTEP
1313;FTEP
1314;FTEP
1315;CERC
1316;CERC
1317;CERC
1318;CERC
1319;CERC
1320;CERC
1321;ASVLEIANOLL
1322;CERH
1323;CERH
1324;MERM
1325;PER.
1326;EFDS
1327;EFDS
1328;EFDS
1329;EFDS
1330;ASVLEIANOLL
1331;LFFSER
1332;EFPO
1333;IIIENNIIVL
1334;IIIENNIIVL
1335;IIIENNIIVL
1336;IIIENNIIVL
1337;IIIENNIIVL
1338;IIIENNIIVL
1339;IIIENNIIVL
1340;IIIENNIIVL
1341;AVG.GNN.
1342;ASVLE
1343;IIIENNIIVL
1344;IIIENNIIVL
1345;IIIENNIIVL
1346;IIIENNIIVL
1347;IIIENNIIVL
1348;IIIENNIORIVLIOR
1349;ASVLE
1350;IIIENNIIVL
1351;IIIENNIIVL
1352;IIIENNIIVL
1353;IIIENNIIVL
1354;IIIENNIIVL
1355;IIIENNIORIVLIOR
1356;IIIENNIORIVLSAE
1357;IIIENNIORIVLSAE
1358;IIIENNIORIVLSAE
1359;ASVLE
1360;IIIENNIORIVLSAE
1361;IIIENNIORIVLSAE
1362;IIIENNIORIVLSAE
1363;IIIENNIORIVLSAE
1364;EQFAT
1365;EQFAT
1366;ASVLE
1367;EQFAT
1368;EQFAT
1369;EQFAT
1370;EQFAT
1371;EQFAT
1372;EQFAT
1373;EQFAT
1374;EQFAT
1375;EQFAT
1376;EQFA
1377;ASVLE
1378;EQFA
1379;EROTIS
1380;EROTIS
1381;EROTIS
1382;EROTIS
1383;EROTIS
1384;EROT
1385;ASVLE
1386;EVPHEM
1387;EVPHEM
1388;EVPHEM
1389;EVPHEM
1390;EVTSPAV
1391;EVTYC
1392;EVTYCESF
1393;FXIIII
1394;FXIIII
1395;ASVLE
1396;FXIIII
1397;IIIFFIILVP
1398;IIIFFIILVP
1399;IIIFFIILVP
1400;IIIFFIILVP
1401;IIIFFIILVP
1402;IIIFFIILVP
1403;ASVLE
1404;IIIFFIILVP
1405;IIIFFIILVP
1406;IIIFFIILVP
1407;IIIFFIILVP
1408;FMFA
1409;FMFA
1410;TFA
1411;ASVLE
1412;MVRIC
1413;TFA
1414;MVRIC
1415;MVRIC
1416;TFAMV
1417;TFAMV
1418;TFAMV
1419;TFAMV
1420;TFAMV
1421;TFAMV
1422;ASVLE
1423;TFAMV
1424;TFAMV
1425;TFAMV
1426;TFAMV
1427;TFAMV
1428;TFAMV
1429;TFAMV
1430;TFAMV
1431;TFAMV
1432;TFAMV
1433;ASVLE
1434;TFAMV
1435;TFAMV
1436;TFAMV
1437;TFAMV
1438;TFAMV
1439;TFAMV
1440;TFAMV
1441;TFAMV
1442;ASVLE
1443;TFAMV
1444;TFAMV
1445;TFAMV
1446;QMS
1447;AVG.GNN.
1448;FLFBS
1449;LFC
1450;LFC
1451;LFC
1452;LFC
1453;LFCCOLO
1454;LFCCOL
1455;LFCCOL
1456;LFCCOL
1457;FCCOL
1458;.FCCOL
1459;.FCCOL
1460;LFCDM
1461;LFCDM
1462;LFCDM
1463;LFCDM
1464;LFCDM
1465;LFCDM
1466;LFCDM
1467;LFCDM
1468;LFCDM
1469;LFCDM
1470;ASVLE
1471;LFCDM
1472;LFCDM
1473;LFCDP
1474;LFCDP
1475;LFCDP
1476;LFCDP
1477;LFCDP
1478;LFCDP
1479;LFCDP
1480;ASVLE
1481;LFCRDEP
1482;LFCRDEP
1483;LFCRDEP
1484;LFCRDEP
1485;LFCFP
1486;LFCFP
1487;LFCFP
1488;LFCFP
1489;LFCFP
1490;LFCFP
1491;ASVLE
1492;LFCFP
1493;LFCFP
1494;LFCFP
1495;ASVL
1496;ASVL
1497;LFCFP
1498;LFCNOV
1499;.FCNOV
1500;LFCNOV
1501;LFCNOV
1502;LFCNOV
1503;LFCS
1504;ASVL
1505;LFCSENTI
1506;LFCSENTI
1507;LFCSENTI
1508;LFCSENTI
1509;LFCSENTI
1510;LFCSENTI
1511;LFCSENTI
1512;LFCSENTI
1513;QIAFS
1514;.I.
1515;SAXOFERREO
1516;SAXOFERREO
1517;CANXIII
1518;LFCSENTI
1519;LIT
1520;LIVNIMELISSIP
1521;LIVNIMELISSI
1522;LIM
1523;AVGGGNN.
1524;ASVL
1525;LFCSENTI
1526;L.CSENTI
1527;L.CSENTI
1528;LFCSENT
1529;PFCRV
1530;QFC
1531;QFC
1532;QFC
1533;QFC
1534;QFC
1535;ASVL
1536;QFC
1537;QFC
1538;QFF
1539;QFF
1540;QFF
1541;QFC
1542;QFC
1543;QFC
1544;ASVL
1545;QFC
1546;QFC
1547;QFC
1548;QFC
1549;QFC
1550;QFC
1551;SFCL
1552;TFCVM
1553;CFDM
1554;MFEPAP.RODI
1555;MFEPAP.RODI
1556;MFEPAP.RODI
1557;MFEPAP.RODI
1558;MFEPAP.RODI
1559;MFEPAPRO
1560;DFF
1561;DFF
1562;DFF
1563;FLAA+
1564;BELLICI
1565;DFF
1566;SA.
1567;LAL
1568;LAL
1569;LAL
1570;DFF
1571;CANXIII
1572;TAN
1573;DFF
1574;LARP
1575;DFF
1576;MAS
1577;ACIRCI
1578;DFF
1579;ACIRGIF
1580;TIAEAFRICAN.
1581;DFF
1582;GNACOR
1583;CNACOR
1584;GNACR
1585;LAEL
1586;DFF
1587;AELFO
1588;.EMEN
1589;.EMEN
1590;DFF
1591;PARVA
1592;BELLICI
1593;DFF
1594;ASVLE
1595;ASVLE
1596;FIGASVLEIANESES
1597;DFF
1598;ASVLEIANOLL
1599;FFBO.
1600;AVRSTR
1601;.VRSTR
1602;AVS?
1603;FFM
1604;CB
1605;LFFC
1606;BAIS
1607;BARB
1608;FIGBAR
1609;FBARB
1610;IIAVRHERACLA+ATETFILFBAR
1611;KVFIGBARCOLSICEA.I
1612;LFFC
1613;AVGGGNNNCOLEARIFBA
1614;AVGGGNNNFIGVLBARBA
1615;BEL
1616;LFFC
1617;AC+
1618;NARG
1619;MTB
1620;MTB
1621;LFFC
1622;ANTSEVERICV
1623;GAVFL
1624;GAVFL
1625;ALFIORVM
1626;ATTENIAECYTONIDIS
1627;ATENIA.CYTONIDIS
1628;FIGASVLEIANESES
1629;FIGASVLEIANESES
1630;FIGASVLEIANESES
1631;FIGASVLEIANESES
1632;LFFG
1633;FIGASVLE.ANESES
1634;FIGASVLEIANESES
1635;F.GASVLEIANESES
1636;FIGASVLEIANESES
1637;FIGASVLEIANESES
1638;.IGASVLEIANESES
1639;FIGASVLEIANESES
1640;IICAMILIMELISSI
1641;IICAMILIMELISSI
1642;IICAMILIME.ISSI
1643;BELNETELIANI
1644;LFFG
1645;IICAMILIMELISSI
1646;IICAMILIMELISI
1647;IICAMILIMELISI
1648;IICAMILI+M.LISSI
1649;IICAMILIMELISSI
1650;IICAMILIMELISSI
1651;IICAMILIMELISSI
1652;IICAMILIMELISSI
1653;IICAMILIMELISSI
1654;IICAMILIMELISSI
1655;LFFG
1656;IICAMILIMELISSI
1657;IICAMILIMELISSI
1658;IICAMILIMELISSI
1659;IICAMILIMELISSI
1660;CAMILISILVESTRI
1661;CAMILISILVESTRI
1662;CAMILIS.LVESTRI
1663;CAMILISILVESTRI
1664;CAMILISILVESTRI
1665;CAMILISILVESTRI
1666;LFFG
1667;CAMILISILVESTRI
1668;CAMILISILVESTRI
1669;CAMILISILVESTRI
1670;CAMILISILVESTRI
1671;CAMIL.SILVESTR.
1672;CORBEL
1673;CORBEL
1674;CORBEL
1675;CORBEL
1676;CORBEL
1677;LFFG
1678;EXOFCBEL
1679;EXOFCBEL
1680;EXOFCBEL
1681;EXOFCBEL
1682;EXOFCBEL
1683;.XOFCBEL
1684;EXOFCBEL
1685;EXOFCBEL
1686;FCERARA
1687;FCERARI
1688;LFFG
1689;FCAERARI
1690;.CAERARI
1691;FCAERARI
1692;.AERARI
1693;FCAERAR
1694;FCAERAR
1695;FCAERAR
1696;FCAERA.
1697;FCAERAR
1698;FCAERAR
1699;LFFG
1700;FCAERAR
1701;FCAERA.
1702;FCACAERAR
1703;FCAERAR
1704;FCAERA.
1705;FCAERAR
1706;FCAERAR
1707;DEMOSTE
1708;DEMOSTE
1709;IIENNIORIVLIOR
1710;LFFG
1711;EROTIS
1712;LFCCVFCA.
1713;LFCCVFCAT
1714;LFLVCCVFS
1715;LFLVCCVFS
1716;LFLVCCVFS
1717;GFSCVFM
1718;GFSCVF.
1719;FIIII
1720;FIIII
1721;FBFST
1722;FBFST
1723;FBFST
1724;FGFIVSF.
1725;FGFIVSFM
1726;FGFIVSFM
1727;.GFIVSFM
1728;FGFIVSFM
1729;IVLVRBICA
1730;IVLI
1731;KVFIGGRVMCOLSICETASI
1732;CLM
1733;CLM
1734;CLM
1735;CLM
1736;CLM
1737;CLMAG
1738;CLMAG
1739;.LMFF
1740;IICLM
1741;IICLM
1742;IICCLMM
1743;IICCLLM
1744;IICCLLM
1745;IICLMM
1746;IICCLMM
1747;IICCLMM
1748;IICCLLM
1749;IICCLM.
1750;IICCLMM
1751;LFFG
1752;IICCLMM
1753;IICCLMM
1754;IICCLMM
1755;IICCLMM
1756;IICCLMM
1757;IICCLMM
1758;IICCLMM
1759;IICCLMM
1760;IICCLMM
1761;IICCLMM
1762;LFFG
1763;IICCLMM
1764;IICCLM.
1765;IICCLM.
1766;IICCLM.
1767;II+
1768;CLPV
1769;PMF
1770;PMF
1771;PMF
1772;NIII
1773;LFFG
1774;IIIN
1775;IIIN
1776;FOCS
1777;FO
1778;OB
1779;OB
1780;O.
1781;OB
1782;OB
1783;OPTATI
1784;LFFGAL
1785;OPTATI
1786;.PTAT.
1787;OPTAT.
1788;OPTAT.
1789;OPTATI
1790;.PTAT.
1791;OPTATI
1792;CPC
1793;CPCI
1794;CPCI
1795;LFFGAL
1796;MPS
1797;FVND.PERSEIAN.
1798;.VNDI.ERSEIANI
1799;PORTO
1800;FQXIIII
1801;QVINTI
1802;QVINTI
1803;.VINTI
1804;.RADO.
1805;PORPSI
1806;LFFGAL
1807;SAXOFERRI
1808;CTYC
1809;VRSI
1810;VRSI
1811;VRSI
1812;VRSI
1813;VRSI
1814;VRSI
1815;VRSI
1817;LFFGAL
1818;ATILIVFR
1819;+EO
1820;+ASI
1821;MAT
1822;+
1823;LFFGAL
1824;LFFGAL
1825;LFFG.
1826;BE+
1827;LFFK
1828;LFFK
1829;LFFP
1830;LFFV
1831;.FFV
1832;BE+
1833;MFF
1834;MFFB
1835;MFFB
1836;QFFT
1837;QFFT
1838;SF.
1839;CFFS
1840;PFFABA
1841;AVGGGNN.
1842;BE+
1843;PFFABA
1844;PFFAB
1845;FFAB
1846;.FG
1847;QFG
1848;QFG
1849;QFG
1850;QFG
1851;QFG
1852;QFG
1853;BE+
1854;QFG
1855;QFG
1856;FSFICFPA
1857;FGFIVSFM
1858;MCFRIG.D.
1859;LCHE
1860;SCLH
1861;LCM
1862;LCMY
1863;LCMY
1864;NCP
1865;LCR
1866;PCRE
1867;FGFIVSFM
1868;CALLIS
1869;.ALLIS
1870;CALLISIVSF
1871;BE+
1872;IICAMILIMELISSI
1873;CAS
1874;PORMFDIA
1875;.ELER
1876;FIGVLGEMESILVINIL
1877;MFK
1878;FCEP
1879;AVGGGNNNFIGVLCEPA
1880;KVFICCEPACOLLEOPAR
1881;F.ERARIA
1882;MFK
1883;CERC
1884;CER+
1885;MCLSR
1886;PCLODIICELI
1887;MFK
1888;PCLODIICELLI+
1889;PCICELI
1890;PCICELI
1891;CONSFC
1892;CONSFC
1893;CONSFC
1894;CONSFC
1895;MFK
1896;CORBEL
1897;CORBEL
1898;CORBEL
1899;FGRV
1900;+RVM
1901;AVGGGNNNCOLEARIFGRV
1902;DFN
1903;KVFIGGRVMCOLSICETASI
1904;GDEG
1905;GDEC
1906;GDEC
1907;DFN
1908;DECVMES
1909;DECVMAES
1910;DOM
1911;DFN
1912;BE+
1913;DFN
1914;MFN
1915;MFS
1916;MFS
1917;MFS
1918;MFS
1919;BE+
1920;FMFP
1921;FMFP
1922;FMFP
1923;FMFP
1924;FMFP
1925;FMFP
1926;BE+
1927;FMFP
1928;FMFP
1929;FMFP
1930;FMFP
1931;FMFP
1932;FMFP
1933;FMFP
1934;FMFP
1935;FMFP
1936;BE+
1937;FMFP
1938;FMFP
1939;FMFP
1940;FMFP
1941;FMFP
1942;FMFP
1943;FMFP
1944;FMFP
1945;BE+
1946;FMFP
1947;FMFP
1948;FMFP
1949;FMFP
1950;MFPONI
1951;MFPONI
1952;BE+
1953;MFQF
1954;MFQF
1955;MFQF
1956;MFQF
1957;MFQF
1958;MFQF
1959;MFQF
1960;MFR
1961;PERSEI
1962;BE+
1963;PERSEI
1964;QFRMED
1965;QFRMED
1966;QFRMED
1967;QFRMED
1968;QFRMED
1969;QFRMED
1970;AVGGGNN.
1971;BEL
1972;QFRSALS
1973;QFRSALS
1974;QFRSALS
1975;QFRSALS
1976;QFRSALS
1977;QFRSTSIP
1978;QFRSTSIP
1979;QFRSTSIP
1980;QFRSTSIP
1981;BEL
1982;QFRSTSIP
1983;QFRSTSIP
1984;QFRSTSIP
1985;QFRSTSIP
1986;QFRSTSIP
1987;QFRSTSIP
1988;PORLFS
1989;MFS
1990;MFS
1991;FCERARIA
1992;MFS
1993;MFS
1994;MFS
1995;MFS
1996;QFLVP
1997;FABBAS
1998;FCERARIA
1999;FAVSTION
2000;FELIC
2001;FELIX
2002;FES
2003;FINE
2004;FINE
2005;FINE
2006;FIR+
2007;FIRM
2008;FLDOR
2009;FCERARIA
2010;FLDOR
2011;FLMA
2012;FLMR
2013;FLMR
2014;FLMR
2015;DC.IAN
2016;FLSAC
2017;LQA
2018;LQA
2019;LQA
2020;FLTERTI
2021;MQFI
2022;LQR
2023;LQRA
2024;FLTERTI
2025;MFLAVITITTVRI
2026;FLORBAB+
2027;QVINTI
2028;PPCAE
2029;FLORI
2030;PPAA
2031;PPAAV
2032;FLORI
2033;PPAC
2034;PMOCVF
2036;PMOCVF
2038;PARDIANI
2039;FPATE
2040;FPATE
2041;FPATE
2042;PAT+
2043;PATRI
2044;.ERSEI
2045;PRIMIA+NI
2046;PRIMIANI
2047;.RVNICI
2048;PORODV
2049;OLEASTR
2050;CAP
2051;OPTATI
2052;QNDAND
2053;QNDPRI
2054;QNDPRI
2055;FOLS
2056;QNDPRI.
2057;PNN
2058;FGERARIA
2059;FOLS
2060;PNN
2061;PNN
2062;FOLS
2063;PNN
2064;FOLS
2065;FOLS
2066;PNN
2067;PNN
2068;PNN
2069;PNNA
2070;PNNOPHIKI.
2071;PNNOPHIKIN.
2072;FOLS
2073;PNNVA
2074;PNNVAR
2075;PNPTFM
2076;SNR
2077;SEXNR
2078;SNRVFI
2079;SNR+
2080;NICXIII
2081;NIGR
2082;NIGRI
2083;QNDFAB
2084;NIGR
2085;NIGR
2086;FORTVNATVS
2087;MMCSVR
2088;QMCALL
2089;LMEF
2090;GMMF
2091;PMM+
2092;FGERARIA
2093;QFVLNIC
2094;QMS
2095;LMVE
2096;MARV
2097;MARTI
2098;MARTI
2099;CMECOR
2100;FIGMED
2101;IIMVSR
2102;CLEC
2103;ALFO
2104;ALFO
2105;IIICLM
2106;QGM
2107;CLODV+
2108;GLPVD
2109;CLPV
2110;LVCRE
2111;IILVPI
2112;IILVPO
2113;GER
2114;QIA
2115;QIAFM.
2116;QIAS
2117;LIDFITAL
2118;LIDFITA
2119;QIE
2120;FIGGRA
2121;GIFBOVEQ
2122;GIFBOVEQ
2123;LIM
2124;FGERARIA
2125;GRA
2126;QIMF
2127;QIMF
2128;GRA
2129;QIMFN
2130;QIMS
2131;CIREXOFARR
2132;MAVRI
2133;GRA
2134;LIS
2135;QIS
2136;LIT
2137;LIT
2138;LIT
2139;LIT
2140;GRA
2141;IVV
2142;.LFT
2143;GRA
2144;IVLIL
2145;GRA
2146;GRA
2147;GRA
2148;GRA
2149;GRA
2150;FGERARIA
2151;GRA
2152;GRA
2153;GRA
2154;PORODV
2155;OLEASTR
2156;CAP
2157;OPTATI
2158;GRA
2159;AVG.GNN.
2160;AVG.GNN.
2161;AVG.GNN.
2162;AVGGGNNN
2163;AVGGGNNN
2164;AVGGGNN.
2165;AVGGGNNN
2166;AVGGGNNNFIGVLCEPA
2167;AVGGGNNNCOLEARIFGRV
2168;GRA
2169;AVGGGNNNCOLEARIFGR.
2170;C.ALV
2171;C.ALV
2172;CAP
2173;CAP
2174;CAP
2175;CAP
2176;CAP
2177;FQAR
2178;CAS
2179;GRA
2180;.AS
2181;CAS
2182;CAS
2183;CAS
2184;MAS
2185;MATDEFIGLINASMARSIA
2186;MATDEFIGLINASMAR.I.
2187;MATDEFI.LINASMARSI.
2188;MATDEFIGLINASMARSIA
2189;MATDEFIGLINASMARSIA
2190;GRA
2191;AVRSTR
2192;AVRSTR
2193;ARVAA
2194;ARVAA
2195;ARVA
2196;ARVA
2197;ARVAA
2198;ARV.
2199;ARVA.
2200;PARVA
2201;GRA
2202;ARVAPDVIC
2203;ARVAPDVIC
2204;.RVAPDVIC
2205;.RVAPDVIC
2206;ASVLE
2207;ASVLE
2208;ASVLE
2209;ASVL.
2210;ABA
2211;ABA
2212;GRA
2213;ABA
2214;AB.
2215;QBR
2216;FIGBAR
2217;LCH
2218;LCHE
2219;QCC.
2220;CALL.
2221;CALLI
2222;CALLI
2223;GRA
2224;CALL.
2225;CALLIS
2226;FCEPA
2227;FIGCEP.
2228;FIGCEP.
2229;FCVCVM
2230;FCVCVM
2231;FCVCV.
2232;FCVCVM
2233;SEC
2234;AVGGGNNNFIGVLBARBA
2235;GRA
2236;.ELER.S
2237;CAERARI.
2238;CERG
2239;+FOPOADEMO+
2240;LFCCVC
2241;LFCCVCAT
2242;LFCCVCAT
2243;.FCCVFN
2244;LFCCVFN
2245;LFCCVF.
2246;GRA
2247;LFCCVFS
2248;LFCCVFS
2249;LFCCVFS
2250;LFCCVFS
2251;LFCCVFS
2252;LFCCVFS
2253;LFCCVFS
2254;LFCCVFS
2255;LFCVF.
2256;LFCCVF.
2257;GRA
2258;LFCCVF.
2259;LFCCVFS
2260;LFCCOL
2261;LFCCOL
2262;LFC.COL
2263;LF.NOV
2264;LFCSENTI
2265;LFSENT.
2266;LF.SENT.
2267;LFCSE.TI
2268;GRA
2269;LFCVCEXFP
2270;...VCEXF.
2271;...VCEXFP
2272;L..VCEXFP
2273;LFCVCEXFP
2274;LFCVCEXF.
2275;LFCV.EXF.
2276;LFCV.EXF.
2277;LFCVCEX.P
2278;DFF
2279;GRA
2280;DFF
2281;DFF
2282;PNN
2283;DFF
2284;PNN
2285;DFF.
2286;DF.
2287;LFLFT`
2288;FLTER.I
2289;DIONY
2290;GRA
2291;DIONY
2292;.IONY
2293;TFAMV
2294;TFAMV
2295;TFAMV
2296;TFAMV
2297;TFAMV
2298;TFAMV
2299;TFAMV
2300;TFAMV
2301;GRA
2302;TVAM.
2303;FM
2304;FM
2305;FM
2306;FM
2307;EVTYCHIANI
2308;EVTYCHIANI
2309;.VTYCHIANI
2310;FMFP
2311;FMFP
2312;GRA
2313;FMFP
2314;FMFP
2315;FMFP
2316;FMFP
2317;FMFP
2318;FMFP
2319;.MFP
2320;FMFP
2321;IIIFFIILVP
2322;FELIX.XIII
2323;GRA
2324;FIRMI
2325;GRATI
2326;FIGVGEMESILVIN.L
2327;FIGVLGEMESILVI.IL
2328;FIGVLGEMESILVINIL
2329;FIGVLGEMESI??.VI.IL
2330;GERMANI
2331;CRVM
2332;MHICAFC
2333;HELIO
2334;GRA
2335;HELIO
2336;HER
2337;ILFT
2338;C.V.ROM
2339;LIM
2340;.IM
2341;.IM
2342;LI.
2343;LIM
2344;LIM
2345;FGERARIA
2346;GRA
2347;LIM
2348;LIM
2349;LIM
2350;LIM
2351;.IM
2352;LIM
2353;LIM
2354;LI.
2355;LIMFPATE
2356;LIMFPATE
2357;GRA
2358;LIMFPAT.
2359;LSILVESTR.
2360;.SILVESTRI
2361;LISILVESTRI
2362;LSILVESTRI
2363;LIT
2364;LIT
2365;LIT
2366;.IT
2367;LIT
2368;GRA
2369;LIT
2370;LIT
2371;.IT
2372;LIT
2373;LIT
2374;LIT
2375;LIT
2376;LIVNIMELISSI
2377;LIVNIMELISSI
2378;LIVNIMELISSI
2379;GRA
2380;LIVNIMELISSI
2381;LIVNIMELISSIP
2382;LIVNIMELIS.IP
2383;FSCIMN.ANO
2384;IIIVMELISSIETMELISSE
2385;IIIVMELISSIETMELISSE
2386;IIIVNIMELISSIETMELISS.
2387;IVCVNDINI
2388;IVLIF
2389;.VLIF
2390;M.D.
2391;.VPI
2392;PMOCVFIGEDO
2394;PMOCVFI.EDO
2396;PMOCVFIGEDO
2397;.MOCVFIGEDO
2398;.MOCV.IGEDO
2399;PMOCVFIGEDO
2400;MHASCL
2402;PMOCVFIGEDO
2404;PMOCVFIGEDO
2406;PMOCVFIGEDO
2408;PMOCVFIGEDO
2409;PMOCVFIGEDO
2410;PMOCVFIGEDO
2411;MHASCL
2412;FIGEDPPAEF
2413;IIIMINICIOR
2414;IIIMINI`CIOR
2415;FIGMED
2416;FIGMED
2417;FIGMED
2418;FIGME.
2419;FIGMED
2420;PNN
2421;PNN
2422;PNN
2423;PNN
2424;.NN
2425;PNN
2426;PN.
2427;PNN
2428;.NN
2429;.NN
2430;PNN
2431;PNN
2432;MHAS
2433;PNN
2434;PN.
2435;PNN
2436;PNN
2437;PNN
2438;PATRI
2439;.NN
2440;PNN
2441;.NN
2442;PNN
2443;MHAS
2444;PNN
2445;PNN
2446;PNN
2447;SISY
2448;PNN
2449;PNN
2450;PNN
2451;.NN
2452;PNNF
2453;PNNF
2454;FCAERARI
2455;PNNF
2456;.NN.
2457;PNNF
2458;PNNF
2459;PNNF
2460;PNNF
2461;.NNF
2462;NICXII
2463;CNIXIII
2464;NIGR
2465;NOVELLI
2466;CONSFC
2467;CONSFC
2468;CONSFC
2469;CONSFC
2470;CONSFC
2471;CONSFC
2472;CONSF.
2473;CONSF.
2474;.ORODV
2475;OPTATIF
2476;OPTATIF
2477;APFS
2478;PORTO
2479;PORTO
2480;FPATERNI
2481;FPAT
2482;FPAT
2483;FPAT
2484;FPAT
2485;.PAT
2486;FPAT
2487;FPAT
2488;FPAT
2489;FPAT
2490;FPAT
2491;.PAT
2492;PEREGRINI
2493;PEREGRINI
2494;PRIMIANI
2496;PRIMIANI
2497;FRIXI
2498;GRA
2499;GRA
2500;GRA
2501;GRA
2502;GRA
2503;GRA
2504;GR.
2505;G.A
2506;.RA
2507;GRA
2508;GRA
2509;PGRA
2510;GRADO`S
2511;GRADOS
2512;GRADOS
2513;GRADOS
2514;GRADOS
2515;CRVS
2516;LQA
2517;LQA
2518;LQA
2519;LQA
2520;.QA
2521;LQS
2522;QS.
2523;TROP
2524;DFTR
2525;.AXOFAIM
2526;.SCIMNIANO
2527;FSCIMNIANO
2528;FSCIMNIANO
2529;SECVND
2530;SISY
2531;V.CTOR
2532;VICTOR
2533;VICT
2534;VICT
2535;ALF
2536;BABP
2537;BABP
2538;LI.
2539;CIASMAR
2541;EVT
2542;EVE.
2543;LFC
2544;LF.
2545;LFCCVFSC
2546;LFCV
2547;FPAT
2548;LIVN.MELISSI
2549;PARDI
2550;PN.
2551;PS
2552;MF.
2553;AQFVA
2557;FM
2558;TCP
2559;RA
2560;CA+
2561;VIL
2562;CE+
2563;FCE+
2564;CEFP
2565;FIGE.PPAEF
2567;PMOCVFIGEDO
2569;EVPHEM
2570;EVTY
2571;EVTYCI
2572;FXIIII
2573;IIIFFIILVP
2574;TFAMV
2575;MFB
2576;IIFFBEOCV.
2577;LFC
2578;LFCA.
2579;LFCEXFGAN
2580;LFCCAN
2581;LFCDM
2582;LFCFP
2583;+FCNOV
2584;+FCNOV
2585;LFCRDFP
2586;LFCSENT
2587;LFCSENT
2588;.FCSENTI.
2589;LFCCVCAT
2590;MHICAFC
2591;LFCCVFM
2592;LFCCVFM
2593;LFCRESCCVF.
2594;LFCVCEXFP
2595;FCCVFPAC
2596;.FCCVFPAC
2597;MHICVFC
2598;LFCCVFS
2599;LFCVFS
2600;.FCCVFSC
2601;MFC
2602;HNPTFM
2603;MFC
2604;QFC
2605;QFC
2606;QFC
2607;SFGR+
2608;HNPTFM
2609;PORMFDIA
2610;PORMFDIA
2611;LFFGAL
2612;LFFV
2613;FGFIVSFM
2614;L..VCEXFP
2615;HNPTFM
2616;LFVC.VFP
2617;LFLVCCVFS
2618;DFN
2619;XIIIIHP
2620;LFO
2621;FMFP
2622;FMFP
2623;FMFP.
2624;FCFS
2625;CFSCVFM
2626;GFSCVFM
2627;HQFR
2628;LFT
2629;LFTI
2630;FV
2631;…ELIODOR
2632;FABIVSF
2633;FABIVSFM
2634;FAVSTI
2635;FAVSTION
2636;FICXII
2637;FIRMI
2638;FIRM
2639;HER
2640;FLTER
2641;QFVLNIC
2642;FVPA
2643;HER
2644;.HMOC
2645;DHMOC
2646;.EL
2647;HERG
2648;HER
2649;HERMESF
2650;GRA
2651;GRA
2652;GRA
2653;GRA
2654;HERMESF
2655;GRA
2656;GRA
2657;GRA
2658;GRAM+
2659;HERMESF
2660;OFGRARLVC
2661;.REKO.
2662;.ESTVTI
2663;.RVS
2664;RVST
2665;FPS
2666;HERMES
2667;LSAR
2668;LSAR
2669;LSAR
2670;LSAR
2671;LSAR
2672;HERM
2673;QSL
2674;QSP
2675;LSV
2676;QSASC
2677;ASVLE
2678;+ACXIII
2679;CENHISPSAE
2680;SALS
2681;SAXOFERRO
2682;SAXOFERREO
2683;SAXOFERREO
2684;SCA
2685;SCA
2686;SCAL
2687;SCALES
2688;SCALES
2689;CI+
2690;IAFM
2691;SECVNDI
2692;SEC.ND
2693;SECVND
2694;SEG
2695;IAFM
2696;CIA
2697;DIA
2698;IISER
2699;IISER
2700;DIA
2701;PSISF
2702;FSISI
2703;SISY
2704;DIA
2705;SVCCESS
2706;FIGLINATREBECIANO
2707;DIA
2708;CTYC
2709;IINVO
2710;DIA
2711;QESVS.
2712;QESVSV
2713;DIA
2714;DIA
2715;VENER
2716;VENER.
2717;DIA
2718;DIA
2719;VICTOR
2720;VICTOR
2721;VICTOR
2722;VICTOR
2723;VICTO.
2724;VICTORIC
2725;VICTORICI
2726;VICTORICI
2727;DIA
2728;VIRII
2729;DIA
2730;VRSI
2731;DIA
2732;DIA
2733;DIA
2734;DIA
2735;QIA
2736;QIA
2737;QIA
2738;QIA
2739;QIA
2740;QIA
2741;QIA
2742;QIA
2743;QIA
2744;QIA
2745;QIA
2746;QIA
2747;QIA
2748;QIA
2749;QIA
2750;QIA
2751;AVGGGNNNFIGVLBARBA
2752;QIA
2753;QIA
2754;QIA
2755;QIAB
2756;QIADI
2757;QIAFS
2758;QIAFS
2759;QIAFS
2760;QIAFS
2761;QIAFS
2762;QIAFS
2763;QIAFS
2764;QIAFS
2765;QIAFS
2766;QIAFS
2767;QIAFS
2768;QIAFS
2769;QIAFS
2770;QIAFS
2771;QIAFS
2772;QIAFS
2773;QIAFS
2774;QIAFS
2775;QIAFS
2776;QIAFS
2777;QIAFS
2778;QIAFS
2779;QIAFS
2780;QIAFS
2781;QIAFS
2782;QIAFS
2783;QIAFS
2784;QIAF
2785;QIAM
2786;QIAS
2787;QIAS
2788;QIAS
2789;QIAS
2790;QIAST
2791;QIAL
2792;QIAL
2793;QIAL
2794;QIAL
2795;QIAL
2796;QIAL
2797;QIAL
2798;QIAL
2799;QIAL.
2800;CIALB
2801;CIALB
2802;CIALB
2803;CIALB
2804;CIAB
2805;CIALB
2806;CAB
2807;GIALB
2808;GIALB
2809;GIALB
2810;GIALB
2811;MIAVITIMVRIC
2812;MIAVITIMVRIC
2813;CIB
2814;CIB
2815;CIB
2816;MICL
2817;QICSEG
2818;QIE+
2819;QIF
2820;QIF
2821;GIFBOVEQ
2822;GIFBOVEQ
2823;GIFBOVEQ
2824;GIFBOVEQ
2825;GIFBOVEQ
2826;AVGGGNNNFIGVLBARBA
2827;GIFBOVEQ
2828;GIFBOVEQ
2829;GIFBOVEQ
2830;GIF
2831;GIF
2832;GIF
2833;GIF
2834;DIORN
2835;DIORN
2836;MILONF
2837;MILONF
2838;MILONF
2839;MILONF
2840;MILONF
2841;LIM
2842;LIM
2843;LIM
2844;LIM
2845;LIM
2846;LIM
2847;LIM
2848;LIM
2849;LIM
2850;LIM
2851;LIM
2852;LIM
2853;LIM
2854;LIMFP
2855;LIMFP
2856;LIM.PAT.
2857;LIM.PAT.
2858;MIM
2859;MIM
2860;MIM
2861;MIM
2862;MIM
2863;MIM
2864;MIM
2865;MIM
2866;MIM
2867;MIM
2868;MIM
2869;MIM
2870;MIM
2871;MIM
2872;MIM
2873;MIM
2874;MIM
2875;MIM
2876;MIM
2877;MIM
2878;QIM
2879;QIM
2880;QIM
2881;QIMS
2882;QIM
2883;QIMF
2884;QI.F
2885;QIMF
2886;QIMF
2887;QIMF
2888;QIMFN
2889;QIMFN
2890;QIMFN
2891;QIMFN
2892;QIMFN
2893;QIMFN
2894;QIMFN
2895;QIMFN
2896;QIMFN
2897;QIMFN
2898;QIMFN
2899;QIMFN
2900;QIMFN
2901;QIMFN
2902;QIMFN
2903;QIMFN
2904;QIMFN
2905;QIMFS
2906;.IMFS
2907;QIMMACR
2908;LIOFVS+
2909;MIRPOR
2910;MIRPFO+
2911;PIRPOR
2912;AVGGGNNNFIGVLBARBA
2913;FCAERARI
2914;QIRIM+
2915;CIS
2916;CIS
2917;LIS
2918;FCAERAR
2919;LIS
2920;LIS
2921;LIS
2922;LIS
2923;LIS
2924;LIS
2925;LIS
2926;LIS
2927;LIS
2928;LIS
2929;LIS
2930;LIM
2931;LISILVESTRI
2932;LISILVESTRI
2933;LISILVESTRI
2934;LISILVESTRI
2935;LISILVESTRI
2936;LISILVESTRI
2937;LISILVESTRI
2938;QIS
2939;QIS
2940;QIS
2941;QIS
2942;QIS
2943;QIS
2944;QIS
2945;QIS
2946;QIS
2947;QIS
2948;COLOBRARIA
2949;QIS
2950;QIS
2951;IIAVRHERCLAEPATETFILFCEPAP
2952;KVFICCEPACOLLEOPAR
2953;KVFICCEPACOLLEOPAR
2954;KVFICCEPARCOLLEOPAR
2955;LFCCVFCA.
2956;LFCCVFCA
2957;.FCCVFCA
2958;CIT
2959;LFCCV+
2960;LFCCV+
2961;LFCC+
2962;ECCE+
2963;LFCCVFS
2964;+VC+
2965;+VCCVFM
2966;FICEDOPPPAEFVSCIAN.
2967;FIGEDOPPPAEFVSCIANI
2968;FIGEDOPPPPAEFVSCIANI
2969;LIT
2970;PMOCVFICEDO
2971;.MOCVFIGEDO
2972;+V.RC+
2973;VIRCIN
2974;VIRCIN
2975;VIRCIN
2977;LAL
2978;LAL
2979;GAP
2980;LIT
2981;GAP
2982;+AEL
2984;ARVA
2985;ARVP
2986;BV
2987;CCHREST
2988;FLC
2989;LCM
2990;IICAMILIMELISSI
2991;LIT
2992;IICAMIL+ELISSI
2993;CAS
2994;CAS
2995;CAA
2996;CDEC
2997;CDEC
2998;CDEC
2999;+E+C
3000;IIIENIVL
3001;IIIENNIVL
3002;LIT
3003;I.IENNIVL
3004;IIIENNIVL
3005;TFAMV
3006;TFAM.
3007;TFAM.
3008;TFAMV
3009;TFAM.
3010;FCFP
3011;LFCF
3012;LFFG
3013;LIT
3014;LFFG
3015;LFF.
3016;LFFG
3017;LFFC
3018;CIALB
3019;LIM
3020;QIMF
3021;QIMFN
3022;.IT
3023;LIT
3024;LIT
3025;.IT
3026;LIT
3028;LIT
3029;LIT
3030;IIIVMELISSIETMELISSE
3031;IIIVN.MELISSIETMESESSE
3032;IIIVN.MELISS.ETMELISSE
3033;+FOVEL+FQ
3034;IIICIM
3035;COLOBRARIA
3036;LIT
3037;MVE
3038;III+ICIO
3039;PNN
3040;PNN
3041;PNN
3042;PNN
3043;PNN
3044;PNNF
3045;PNN
3046;SNR
3047;LIT
3048;SNR
3049;FPATE
3050;FPATER
3051;+AT
3052;+RA
3054;FSCI+
3055;FSCIMN+
3056;BA+
3057;EVGEN
3058;LIT
3059;FCEL
3062;QIVE
3063;+MRVS
3065;+V+
3067;LIT
3068;LIT
3069;LIT
3070;LIT
3071;.OLOBRARIA
3072;LIT
3073;LIT
3074;LIT
3075;LIT
3076;LIT
3077;LIT
3078;LIT
3079;LIT
3080;LIT
3081;FCVCVM
3082;LIT
3083;LIT
3084;LIT
3085;LIT
3086;LIT
3087;LIT
3088;LIT
3089;LIT
3090;FCVCVM
3091;LIT
3092;.IT
3093;.IT
3094;.IT
3095;QIV
3096;ILFT
3097;ILFT
3098;ILFT
3099;FCVCVM
3100;ILFT
3101;ILFT
3102;ILFT
3103;ILFT
3104;ILFT
3105;AVGGGNNNFIGVLBARBA
3106;FCVCVM
3107;ILFT
3108;ILFT
3109;ILFT
3110;ILFT
3111;ILFT
3112;ILFT
3113;ILFT
3114;ILFT
3115;ILFT
3116;ILFT
3117;FCVCVM
3118;ILFT
3119;ILFT
3120;ILFT
3121;IO
3122;ISCALLIF
3123;ISHERMF
3124;ISHERMF
3125;ISMILOF
3126;ISMILOF
3127;FCVCVM
3128;ISMILOF
3129;ISMILOF
3130;ISMILOF
3131;IVCVNDINI
3132;IVCVNDINI
3133;CIVR
3134;FCVCVM
3135;IVLIEGN
3136;IVLIEGN
3137;IVLINIGRI
3138;FCVCVM
3139;LIVNIMELISSI
3140;LIVNIMELISSI
3141;LIVNIMELISSI
3142;LIVNIMELISSI
3143;LIVNIMELISSI
3144;LIVNIMELISSI
3145;LIVNIMELISSI
3146;LIVNIMELISSI
3147;FCVCVM
3148;LIVNIMELISSI
3149;LIVNIMELISSI
3150;LIVNIMELISSI
3151;LIVNIMELISSI
3152;LIVNIMELISSI
3153;LIVNIMELISSI
3154;LIVNIMELISSI
3155;LIVNIMELISSI
3156;FCVCVM
3157;LIVNIMELISSI
3158;LIVNIMELISSI
3159;LIVNIMELISSI
3160;LIMELISSICI
3161;LIMELISSICI
3162;LIMELISSICI
3163;LIMELISSICI
3164;IIIVNMELISSIETMELISSE
3165;IIIVNMELISSIETMELISSE
3166;FCVCVM
3167;IIIVNMELISSIETMELISSE
3168;IIIVNMELISSIETMELISSE
3169;FCVCVM
3170;IIIVNMELISSIETMELISSE
3171;IIIVNMELISSIETMELISSE
3172;IIIVNMELISSIETMELISSE
3173;IIIVNMELISSIETMELISSE
3174;IIIVNMELISSIETMELISSE
3175;IIIVNMELISSIETMELISSE
3176;IIIVNMELISSIETMELISSE
3177;IIIVNMELISSIETMELISSE
3178;IIIVNMELISSIETMELISSE
3179;IIIVNMELISSIETMELISSE
3180;FCVCVM
3181;IIIVNMELISSIETMELISSE
3182;IIIVNMELISSIETMELISSE
3183;IIIVNMELISSIETMELISSE
3184;IIIVNMELISSIETMELISSE
3185;IIIVNMELISSIETMELISSE
3186;IIIVNMELISSIETMELISSE
3187;AVGGGNNNCOLEARIFBARB
3188;FCVCVM
3189;FCVCVM
3190;IIIVNMELISSIETMELISSE
3191;IIVNMELISS+TMELISS.
3192;SLAC
3193;MLDN.
3194;ALFO
3195;ALFO
3196;FCVCVM
3197;ALFO
3198;ALFO
3199;ALFO
3200;ALFO
3201;ALFO
3202;ALFO
3203;ALFO
3204;ALFO
3205;ALFO
3206;ALFO
3207;FCVCVM
3208;ALFO
3209;ALFO
3210;ALFO
3211;ALFO
3212;ALFO
3213;ALFO
3214;ALFO
3215;ALFO
3216;ALFO
3217;ALFO
3218;FCVCVM
3219;ALFO
3220;ALFO
3221;ALFO
3222;ALFO
3223;ALFO
3224;ALFO
3225;ALFO
3226;ALFO
3227;LLFESTINI
3228;MLFCL
3229;MLFCP.
3230;MLFCT
3231;MLFCT
3232;MLFCT
3233;MLFN
3234;SLFCL
3235;IICLM
3236;FCVCVM
3237;FCVCVM
3238;IICCLMM
3239;IICCLMM
3240;IICCLMM
3241;IICCLMM
3242;IICCLMM
3243;IICCLMM
3244;IICCLMM
3245;FCVCVM
3246;IICCLMM
3247;FCVCV
3248;CLMFF
3249;CLMAG
3250;MON
3251;AVGGGNNNCOLEARIFBARB
3252;GLPVDE
3253;GLPVDE
3254;GLPVDE
3255;CLPV
3256;CLPV
3257;LIBERALIS
3258;CLOIEFVFI
3259;FCVCV
3260;LVCI
3261;LVCID
3262;PORTO
3263;LVCID
3264;LVPXII.
3265;LVPXII.
3266;LVPXII.
3267;IILVPL
3268;IILVPL
3269;IILVPL
3270;FCVCV
3271;LVPL
3272;FIGM
3273;FM
3274;FM
3275;FCVCV
3276;MMCSANTO
3277;MMCSANTO
3278;MMCSANTO
3279;MMCSANTO
3280;MMCSANTO
3281;MMCSVR
3282;MMCSVR
3283;MMCSVR
3284;MMCSVR
3285;MMCSVR
3286;FCVCV
3287;MMCSVR
3288;MMCSVR
3289;MMCSVR
3290;MMCSVR
3291;MMCSVR
3292;MMCSVR
3293;MMCSVR
3294;MMCSVR
3295;MMCSVR
3296;MMCSVR
3297;FCVCV
3298;QMCCCAS
3299;QMCCCAS
3300;QMCALLAIDIS
3301;QMCALLAIDIS
3302;QMCALLAIDIS
3303;LMECO
3304;LMECO
3305;LM.
3306;LM.
3307;FCVCV
3308;LM.
3309;LM.
3310;LM.
3311;PMF
3312;PMF
3313;PMF
3314;LFCRESCVF.
3315;PMF
3316;LFCRESCVF.
3317;GMMF
3318;GMMF
3319;GMMF
3320;GMMF
3321;GMMF
3322;GMMF
3323;PMM.
3324;PMNS
3325;AVGGGNNNCOLEARIFBARB
3326;QMR
3327;QMR
3328;QMR
3329;QMR
3330;QMR
3331;QMR
3332;QMR
3333;LFCRESCVF.
3334;QMR
3335;QMR
3336;QMR
3337;QMR
3338;QMR
3339;QMR
3340;QMR
3341;QMR
3342;QMR
3343;QMR
3344;CMS
3345;PMS+
3346;PMSC
3347;QMS
3348;QMS
3349;QMS
3350;QMS
3351;LFCRESCCVF.
3352;QMS
3353;QMS
3354;QMS
3355;QMS
3356;PMV
3357;LMVE
3358;LMVE
3359;LMVE
3360;LMVE
3361;LMVE
3362;LFCCV
3363;LMVE
3364;LMVE
3365;PMZ
3366;PMZ
3367;PMZ
3368;PMZS
3369;MAMASVL
3370;LFCCV
3371;MARXIIII.
3372;MARXIIII.
3373;MARXIIII.
3374;SNR
3375;LFCCV
3376;MARTIALIS
3377;MELPOM
3378;IIMINACRETCAL
3379;IIMINACRETCAL
3380;LFCCVFCAT
3381;IIMINACRETCAL
3382;IIMINACRETCAL
3383;IIMINACRETCAL
3384;IIMINACRETCAL
3385;IIMINACRETCL
3386;IIMINACRETCL
3387;IIMINACRETCL
3388;LFCCVFCAT
3389;IIIMINCIOR
3390;IIIMINCIOR
3391;IIIMINCIOR
3392;IIIMINCIOR
3393;IIIMINCIOR
3394;IIIMINCIOR
3395;IIIMINICIOR
3396;IIIMINICIOR
3397;IIIMINICIOR
3398;IIIMINICIOR
3399;LFCCVFCAT
3400;IIIMINICIOR
3401;IIIMINICIOR
3402;IIIMINICIOR
3403;IIIMINICIOR
3404;IIIMINICIOR
3405;IIIMINICIOR
3406;IIIMINICIOR
3407;IIIMINICIOR
3408;IIIMINICIOR
3409;AVGGGNNNCOLEARIFBARB
3410;LFCCVFCAT
3411;IIIMINICIOR
3412;IIMVDC
3413;IIMVDC
3414;IIMVDC
3415;IIMVSETPR
3416;LFCCVFCAT
3417;LFCCVFCAT
3418;NNA
3419;PNA
3420;PNATC
3421;MVC
3422;QNDAND
3423;QNDAND
3424;QNDAND
3425;QNDAND
3426;QNDAND
3427;QNDAND
3428;QNDAND
3429;QNDAND
3430;QNDAND.
3431;QNDFAB
3432;QNDFAB
3433;QNDFAB
3434;QNDFAB
3435;QNDFAB
3436;QNDFAB
3437;QNDFAB
3438;LFCCVFCAT
3439;QNDFAB
3440;QNDFAB
3441;QNDFAB
3442;QNDFAB
3443;QNDFAB
3444;QNDFAB
3445;QNDFAB
3446;QNDFAB
3447;QNDPHI
3448;QNDPHI
3449;LFCCVFCAT
3450;QNDPHI
3451;QNDPHI
3452;QNDPHI
3453;QNDPHI
3454;QNDPHI
3455;QNDPRIM
3456;QNDPRIM
3457;QNDPRIM
3458;QNDPRI
3459;QNDPRI
3460;LFCCVFCAT
3461;QNDPRI
3462;QNDPRI
3463;QNDPRI
3464;QNDPRI
3465;QNDPRI
3466;QNDPRI
3467;QNDPRI
3468;QNDPRI
3469;QNDPRI
3470;QNDPRI
3471;LFCCVFCAT
3472;QNDPRI
3473;QNDPRI
3474;QNDPRI
3475;QNDPRI
3476;QNDPRI
3477;QNDPRI
3478;QNDPRI
3479;QNDPRI
3480;QNDPRI
3481;LFCCVFCAT
3482;PNN
3483;PNN
3484;PNN
3485;PNN
3486;PNN
3487;PNN
3488;PNN
3489;PNN
3490;PNN
3491;LFCCVFCAT
3492;PNN
3493;PNN
3494;PNN
3495;PNN
3496;PNN
3497;PNN
3498;PNN
3499;PNN
3500;PNN
3501;AVGGGNNNCOLEARIFBARB
3502;PNN
3503;PNN
3504;PNN
3505;PNN
3506;PNN
3507;PNN
3508;PNN
3509;PNN
3510;PNN
3511;PNN
3512;PNN
3513;PNN
3514;PNN
3515;PNN
3516;PNN
3517;PNN
3518;PNN
3519;PNN
3520;PNN
3521;PNN
3522;PNN
3523;PNN
3524;PNN
3525;PNN
3526;PNN
3527;LFCCVFCAT
3528;PNN
3529;PNN
3530;PNN
3531;PNN
3532;PNN
3533;PNNAR
3534;PNNAR
3535;LFCCVCAT
3536;PNNA
3537;PNNA
3538;PNNF
3539;PNNF
3540;PNNF
3541;PNNF
3542;PNNF
3543;PNNF
3544;PNNF
3545;LFCCVCAT
3546;PNNF
3547;PNNF
3548;PNNF
3549;PNNF
3550;PNNF
3551;PNNF
3552;PNNF
3553;PNNF
3554;PNNF
3555;LFCCVCAT
3556;PNNF
3557;PNNF
3558;PNNF
3559;PNNF
3560;PNNF
3561;PNNOTR.
3562;PNNOTR.
3563;LFCCVCAT
3564;PNNSH
3565;PNNVR
3566;PNNS.
3567;PNNS.
3568;.NNSIS
3569;PNNN.
3570;IINPE+FICMA+
3571;IINPE+FICMA+
3572;LFCCVCAT
3573;PNPHI
3574;AVGGGNNNCOLEARIFBARB
3575;LFCCVCAT
3576;GNPR
3577;SNR
3578;SNR
3579;SNR
3580;SNR
3581;SNR
3582;SNR
3583;SNR
3584;SNR
3585;SNR
3586;LFCCVCAT
3587;SNR
3588;SNR
3589;SNR
3590;SNR
3591;SNR
3592;SNR
3593;SNR
3594;SNR
3595;SNR
3596;SNR
3597;LFCCVCAT
3598;SNR
3599;SNR
3600;SNR
3601;SNR
3602;SNR
3603;SNR
3604;SNR
3605;SNR
3606;SNR
3607;SNR
3608;LFCCVCA+
3609;SNR
3610;SNR
3611;SNR
3612;SNR
3613;SNR
3614;SNR
3615;SNR
3616;SNR
3617;SNR
3618;SNR
3619;LFCCVC
3620;SNR
3621;SNR
3622;SNR
3623;SNR
3624;SNR
3625;SNR
3626;SNR
3627;SNR
3628;SNR
3629;SNR
3630;LFCCVC
3631;SNR
3632;SNR
3633;SNR
3634;SNR
3635;SNR
3636;SNR
3637;SNR
3638;SNR
3639;SNR
3640;SNR
3641;LFCCVC
3642;SNR
3643;SNR
3644;SNR
3645;SNR
3646;SNR
3647;SNR
3648;SNR
3649;SNR
3650;LFCCVC
3651;SNRG
3652;SNRG
3653;SNRC
3654;SNRG
3655;SNRG
3656;SNRG
3657;SNRG
3658;SNRGR
3659;SNRP
3660;SNRP
3661;SNRP
3662;SNRP
3663;SNRP
3664;SNRP
3665;SNRP
3666;SNRP
3667;PNSI
3668;PNSI
3669;PNSI?
3670;LFCCVK
3671;GNACOR
3672;GNACOR
3673;GNAOCR
3674;GNAOCR
3675;GNAOCR
3676;GNAOCR
3677;GNAC
3678;NICXIIII
3679;NICXIIII
3680;NICXIIII
3681;AVGGGNNNCOLEARIFBARB
3682;LFCCVFM
3683;NICXIIII
3684;NICXIIII
3685;NICXIIII
3686;NIGR
3687;NICR
3688;NICR
3689;NICR
3690;NIGRN
3691;LFCCVFM
3692;NIGRN
3693;COI
3694;COI
3695;COI
3696;COI
3697;COI
3698;COI
3699;COI
3700;LFCCVFM
3701;COI
3702;COO
3703;PORODV
3704;LFCCVFM
3705;PORODV
3706;PORODV
3707;PORODV
3708;PORODV
3709;PORODV
3710;PORODV
3711;PORODV
3712;PORODV
3713;POROD.
3714;LFCCVFM
3715;ONES
3716;OPTATIF
3717;OPTATI
3718;.PTATI
3719;LPAEOA
3720;LPAEOA
3721;LPAEOA
3722;LFCCVFM
3723;CPC
3724;GPCI
3725;LFCCVFM
3726;LPCO
3727;LCPX
3728;PPC
3729;PPCAE
3730;LPCALL
3731;PPCAL
3732;PPCAL
3733;PPCAL
3734;PPCAL
3735;APCO
3736;APFS
3737;APFS
3738;SPH
3739;SPH
3740;LPMS
3741;.PMC
3742;SPME
3743;QPPHRYXI
3744;QPPHRYXI
3745;QPPHRYXI
3746;QPPHRYXI
3747;QPPHRYXI
3748;QPPHRYXI
3749;QPPHRYXI
3750;AVGGGNNNCOLEARIFBARB
3751;QPPRIM+
3752;SPPNN
3753;SPPNN
3754;SPPNN
3755;.ORCPR
3756;SPS.
3757;PPAC
3758;FPATERNI
3759;FPATERNI
3760;FPATERNI
3761;FPATERNI
3762;FPATERNI
3763;FPATERNI
3764;FPATERNI
3765;FPATERNI
3766;FPATE
3767;FPATE
3768;FPATE
3769;FPATE
3770;FPATE
3771;FPAT
3772;FPAT
3773;FPAT
3774;FPAT
3775;FPAT
3776;FPAT
3777;FPAT
3778;FPAT
3779;FPAT
3780;FPAT
3781;FPAT
3782;FPAT
3783;PA.
3784;PA.
3785;PA.
3786;PA.
3787;PA.
3788;PA.
3789;PA.
3790;PA.
3791;PATRIC
3792;PATRIC
3793;PEREGRINI
3794;PHILO
3795;LFCCV.FM
3796;PORTOPOPV
3797;PORPOP
3798;LFCCV.FM
3799;PORTO
3800;PORTO
3801;PORTO
3802;PORTO
3803;PORTO
3804;LFCCV.FM
3805;PORTO
3806;PORTO
3807;PORTO
3808;PORTO.
3809;.ORTOL
3810;POPVLI
3811;POPVLI
3812;POPVLI
3813;AVGGGNNNCOLEARIFBARB
3814;LFCCV.FM
3815;POPVLI
3816;POPVLI
3817;POPVLI
3818;POPVLI
3819;POPVLI
3820;POPVLI
3821;POPVLI
3822;POPVLI
3823;POPVLI
3824;POPVLI
3825;POPVLI
3826;PRI
3827;PRIMV
3828;PRISCI
3829;PRISC
3830;IIQQETCF
3831;LQA
3832;LQA
3833;LQA
3834;LQA
3835;LFCCVFM
3836;LQA
3837;LQA
3838;LQA
3839;LQA
3840;LQA
3841;LQA
3842;LQA
3843;LQA
3844;LQA
3845;.FCCVFM
3846;PQA.
3847;PQA.
3848;PQA.
3849;PQA.
3850;PQA.
3851;PQA.
3852;PQA.
3853;PQA.
3854;PQA.
3855;.FCCVFM
3856;PQA.
3857;PQA.
3858;PQA.
3859;PQA.
3860;PQA.
3861;AQFVA
3862;AQFVA
3863;AQFVA
3864;MQFF
3865;.FCCVFM
3866;MQFF
3867;MQFF
3868;MQFF
3869;MQFF
3870;MQFF
3871;MQFF
3872;MQFF
3873;MQFF
3874;MQFF
3875;MQFF
3876;MQFFT
3877;MQFFT
3878;MQFFT
3879;MQFFT
3880;MQFP
3881;MQFP
3882;MQF.
3883;PQFF
3884;PQFF
3885;PQFF
3886;PQFF
3887;PQFFE
3888;SQFPSIIC
3889;LFCCVFM
3890;LQ.
3891;LQ.
3892;LQR
3893;LQR
3894;LQR
3895;LQR
3896;LQR
3897;AVGGGNNNCOLEARIFBARB
3898;LFCCVFM
3899;LQS
3900;LQS
3901;LQS
3902;LQS
3903;LQS
3904;LQS
3905;LFCCVFM
3906;LQS
3907;LQS
3908;LQS
3909;LQS
3910;LQS
3911;LQS
3912;LQS
3913;LQS
3914;LQS
3915;LQS
3916;LFCCVFM
3917;LQS
3918;LQS
3919;LQS
3920;LQS
3921;LQS
3922;LQS.
3923;LQS.
3924;QVARTIO
3925;LFCCVFM
3926;CRA
3927;CRA
3928;CRA
3929;CRA
3930;CRA
3931;CRA
3932;CRA
3933;LFCCVFM
3934;CRA
3935;CRA
3936;CRA
3937;CRA
3938;PARA
3939;PARA
3940;PARA
3941;CRSP
3942;LFCCVFM
3943;CRSP
3944;CRSP
3945;C.V
3946;CRV
3947;GRADOS
3948;GRADOS
3949;GRADOS
3950;GRADOS
3951;GRADOS
3952;GRADOS
3953;+CCE
3954;GRADOS
3955;GRADOS
3956;GRADOS
3957;GRADOS
3958;GRADOS
3959;GRADOS
3960;GRADOS
3961;GRAP
3962;.A.
3963;FCCVFPAC
3964;OFGRARLVC
3965;OFGRARLVC
3966;OFGRARLVC
3967;OFGRARLVC
3968;OFGRARLVC
3969;FCCVFPAC
3970;OFGRARLVC
3971;OFGRARLVC
3972;OFGRAROP
3973;POTRCARMO
3974;REST
3975;RIVENS
3976;FCCVFPAC
3977;RIVES
3978;RIVES
3979;RIVES
3980;RIVES
3981;RIVES
3982;RIVE
3983;RIVE
3984;RIVE
3985;RI+E
3986;FCCVFPAC
3987;ROMVLVSF
3988;ROMVL
3989;RVFIATITAE
3990;FCCVFPAC
3991;RVM
3992;SA
3993;CSACXIIII
3994;CSACXIIII
3995;CSACXIIII
3996;LSAR
3997;LSAR
3998;LSAR
3999;LSAR
4000;LSAR
4001;FCCVFPAC
4002;LSAR
4003;LSAR
4004;LSAR
4005;LSAR
4006;LSAR
4007;GSAP
4008;GSAP
4009;FCVCVM
4010;LFCCVFP
4011;PSAVITI
4012;FSC
4013;MSFIG
4014;MSFPC
4015;PSFC
4016;.SFC
4017;QS.
4018;LSLSF
4019;LFCCVFP
4020;LSPBOEQ
4021;LSPBOEQ
4022;LSPBOEQ
4023;LSPBOEQ
4024;LSPBOEQ
4025;LSPBOEQ
4026;LSPBOEQ
4027;LSPBOEQ
4028;LFCCVFP
4029;LSPBOEQ
4030;LSPBOEQ
4031;LSPBOEQ
4032;LSPBOEQ
4033;LSPBOEQ
4034;LSPBOEQ
4035;LSPBOEQ
4036;LSPBOEQ
4037;LSPBO
4038;LSPBO
4039;LSPBO
4040;LSPBO
4041;LSPBO
4042;LSPBO
4043;LSPBO
4044;LSPBO
4045;LFCCVFSCA
4046;MSP
4047;MSP
4048;MSP
4049;MSP
4050;MSP
4051;MSP
4052;MSP
4053;MSP
4054;MSP
4055;IIAVRHERACLAEPATETFILFBAR
4056;LFCCVFSF
4057;MSP
4058;MSP
4059;MSPO
4060;QSP
4061;QSP
4062;QSP
4063;.SSATVRNINI
4064;LFCCVFS
4065;LSSEX
4066;LSSEX
4067;LSSEX
4068;LSSEX
4069;LSSEX
4070;MSST
4071;.SVIRG
4072;ROMVLF
4073;ROMVLF
4074;.SVIRG
4075;LFCCVFS
4076;ROMVLF
4077;SALS
4078;SALS
4079;SALS
4080;SALS
4081;SALSA
4082;SALSA
4083;QSABEL
4084;QSABEL
4085;QSASC
4086;LFCCVFS
4087;QSASC
4088;QSASC
4089;QSASER
4090;QSASER
4091;QSASER
4092;SALS
4093;SALS
4094;SALS
4095;SALS
4096;SALS
4097;LFCCVFS
4098;SAXXO
4099;SAXOFERREO
4100;SAXOFERREO
4101;SAXOFERREO
4102;SAXOFERREO
4103;SAXOFERREO
4104;SAXOFERREO
4105;SAXOFERREO
4106;SAXOFERREO
4107;LFCCVFS
4108;SAXOFERREO
4109;SAXOFERREO
4110;SAXOFERREO
4111;SAXOFERREO
4112;SAXOFERREO
4113;SAXOFERREO
4114;SAXOFERREO
4115;SAXOFERREO
4116;SAXOFERREO
4117;LFCCVFS
4118;SAXOFERREO
4119;SAXOFERREO
4120;SAXOFERREO
4121;SAXOFERREO
4122;SAXOFERREO
4123;SAXOFERREO
4124;SAXOFERREO
4125;SAXOFERREO
4126;SAXOFERREO
4127;SAXOFERREO
4128;LFCCVFS
4129;SAXOFERREO
4130;SAXOFERREO
4131;SAXOFERREO
4132;SAXOFERREO
4133;SAXOFERREO
4134;SAXOFERREO
4135;SAXOFERREO
4136;SAXOFERREO
4137;SAXOFERREO
4138;SAXOFERREO
4139;LFCCVFS
4140;SAXOFERREO
4141;SAXOFERREO
4142;SAXOFERREO
4143;SAXOFERREO
4144;.AXOFERREO
4145;SAXOFERREO
4146;SAXOFERREO
4147;SAXOFERREO
4148;SAXOFERREO
4149;LFCCVFS
4150;SAXOFERREO
4151;SAXOFERREO
4152;SAXOFERREO
4153;SAXOFERREO
4154;SAXOFERREO
4155;SAXOFERREO
4156;SAXOFERREO
4157;SAXOFERREO
4158;SAXOFERREO
4159;SAXOFERREO
4160;IIAVRHERACLAEPATETFILFBAR
4161;LFCCVFS
4162;SAXOFERRE
4163;SAXOFERRI
4164;SAXOFERRI
4165;SAXOFERRI
4166;SAXOFERRI
4167;SAXOFERRI
4168;SAXOFERR
4169;SAXOFERR
4170;LFCCVF
4171;SAXOFERR
4172;SAXOFERR
4173;SAXOFERR
4174;SAXOFERR
4175;SAXXOFERR.
4176;SAXXOFERR.
4177;SAXOFER+
4178;SAXOFER
4179;SAXOFER
4180;SAXOFERRI
4181;IVIX
4182;T.
4183;SAXOFERRE
4184;SAXOFERR
4185;EVTY
4186;SAXOFERR
4187;EVTY
4188;SAXOFERR
4189;EVTY
4190;SAXOFERR
4191;EVTY
4192;SAXFRCAELVARI
4193;SAXFRCAELVARI
4194;SAXFRCAELVARI
4195;SAXFRCAELVARI
4196;SAXFRCAELVARI
4197;SASFRCAELVARI
4198;SASFRCAELVARI
4199;SAXFRCAELVAR
4200;SAXFRCAELVAR
4201;FSCIMNIANI
4202;FSCMNIANI
4203;FSCMNIANI
4204;FSCIMNIANI
4205;FSCIMNIANI
4206;FSCIMNIANI
4207;FSCIMN
4208;FSCIMN
4209;FSCIMNIANO
4210;FSCIMNIANO
4211;FSCIMNIANO
4212;FSCIMNIANO
4213;FSCIMNIANO
4214;FSCIMNIANO
4215;FSCIMNIANO
4216;FSCIMNIANO
4217;FSCIMNIANO
4218;FSCIMNIANO
4219;FSCIMNIANO
4220;FSCIMNIANO
4221;FSCIMNIANO
4222;FSCIMNIANO
4223;FSCIMNIANO
4224;SCOROBRES
4225;SCOROBRES
4226;SCOROBRES
4227;SECVND
4228;SEM
4229;SEMETPPI
4230;SEMETPPI
4231;LFCCVFS
4232;MSEMPHEL
4233;FSEN
4234;FSEN
4235;SEPT
4236;IISER
4237;IISER
4238;SER
4239;SER
4240;SER
4241;LFCCVFS
4242;SER
4243;SER
4244;SER
4245;SER
4246;SER
4247;SER
4248;SER
4249;SER
4250;SER
4251;SER
4252;IIAVRHERACLAEPATETFILFBAR
4253;LFCCVFS
4254;SER
4255;SER
4256;SER
4257;SER
4258;SER
4259;SERN
4260;SERVIRO
4261;SERVIRO
4262;LFCCVFS
4263;SEX+
4264;PSISIF
4265;SOSVMAECOLONAKAITCET.
4266;SOSVMAECOLONAKAITCET.
4267;STPR
4268;STPR
4269;LFCCVFS
4270;STST
4271;STST
4272;.VTSTERPAVL
4273;LFCCVFS
4274;SVCCES+
4275;SVCCES+
4276;SVRI
4277;STCA
4278;STCA
4279;STCA
4280;LTSTR
4281;LTST.
4282;LFCCVFS
4283;CTYC
4284;CTYC
4285;CTYC
4286;CTYC
4287;CTYC
4288;CTYC
4289;CTYC
4290;CTYC
4291;CTYC
4292;CTYC
4293;LFCCVFS
4294;CTYC
4295;CTYC
4296;CTYC
4297;CTYC
4298;CTYCCL
4299;CTYCIL
4300;CTYC
4301;LFCCVFS
4302;TALIANO
4303;TALIANO
4304;FICLINATREBECIANO
4305;FICLINATREBECIANO
4306;FICLINATREBECIANO
4307;FICLINATREBECIANO
4308;FICLINATREBECIANO
4309;FICLINATREBECIANO
4310;FICLINATREBECIANO
4311;FICLINATREBECIANO
4312;LFCCVFS
4313;TREBECIANO
4314;TREBECIANO
4315;TREBECIANO
4316;TREBECIANO
4317;TREBECIANO
4318;TREBECIANO
4319;TREBECIANO
4320;TREBECIANO
4321;TREBECIANO
4322;TREBECIANO
4323;LFCCVFS
4324;TREBECIANO
4325;TREBECIANO
4326;TREBECIANO
4327;FTREBECIANI
4328;FTREBECIANI
4329;CTR.
4330;TVN
4331;TVN
4332;CVAIL
4333;LFCCVFS
4334;CVAIL
4335;CVCV
4336;QVCQVIR
4337;QVCQVIR
4338;QVCQVIR
4339;QVCQVIR
4340;IIAVRHERACLAEPATETFILFBAR
4341;LFCVFS
4342;PVCRISPSY
4343;PVFAVSTINI
4344;PVFAVSTINI
4345;VFAVS
4346;LVIVAR
4347;LVIV.
4348;CVS
4349;LFCVFS
4350;QVS
4351;CVV+
4352;CVVA
4353;CVVA
4354;CVVA
4355;CVVA
4356;LFCVFS
4357;LVALERITERTI
4358;.VALERITER.
4359;LFCVFS
4360;LVTROPHIMI
4361;LFCVFS
4362;LVARP
4363;VGLE
4364;VGLE
4365;VIROM
4366;VIBIOR
4367;VIBIOR
4368;VIBIOR
4369;LFCVFS
4370;TVN
4371;VIBR
4372;.ICTOR
4373;.ICTOR
4374;VICTORICI
4375;VICTORICI
4376;VICTORICI
4377;LFCVFS
4378;VICTORIN
4379;VINI
4380;VIN
4381;VMFC
4382;VRSI
4383;LFCVFS
4384;VVI
4385;VV.
4386;SISY
4387;SISY
4388;SISY
4389;LFCVFS
4390;DHMOC
4391;DIONY
4392;AEV+
4393;AF
4394;ANTIOC
4395;.INCIA
4396;CA.AC
4397;ICOOM.
4398;CRAT
4399;DNMI+
4400;IIAVRHERACLAEPATETFILFBAR
4401;LFCCVEXF
4402;FCISI+
4403;.FCI.NI+
4404;FIGCC.RI
4405;IAFI.M
4406;LEAL
4407;LICCVIIR
4408;LICCVIIR
4409;LICCVIIF
4410;LFCCVEXF
4411;LICCVIIF
4412;L.RLVP
4413;OANII
4414;OANII
4415;PF.I.
4416;PFICIO+
4417;PFICIO+
4418;PFI.AIV
4419;PFICIO+
4420;PHRI+AN+
4421;Q.RVIC
4422;QFAT.
4423;QFAT.
4424;QFAT.
4425;Q.A.
4426;LFCCVEXFI
4427;QFVL.
4428;.CCHINA
4429;TV.S
4430;.OPIKINA
4431;LIFERA
4432;+CVCEXFP
4433;LIFERA
4434;+EF.A
4435;FSFB
4436;FSFB
4437;SAENINB
4438;.FCC
4439;LFCVCEXFI
4440;P.AE
4441;PHE
4442;LITSE
4443;+TTE
4444;FLEG
4445;VLEC
4446;.ICMFI
4447;MESI
4448;LFCVCEXFI
4449;.MVI
4450;.FAXI
4451;MCEAL
4452;SP.OCBL.
4453;.NPL
4454;.CALV
4455;RVM
4456;ESFN
4457;LFCVCEXFI
4458;VIRIO
4459;.ORTO
4460;CIR.
4461;.OLEASR
4462;.OLEASR
4463;.OLEASR
4464;MQFS
4465;.TORIS
4466;.ASTEILENS
4467;LFCVCEXFI
4468;.TVENS
4469;.VMO.
4470;.FVT
4471;.IIII+SCVNOV
4472;.RV
4473;.MAX
4474;M.AP
4475;LFCVCEXFI
4476;.MR.V
4477;.RVI+
4478;ODV
4479;.AEIAEIIA
4480;.BXIIII.
4481;.CQFE+
4482;.ELAI+
4483;IIIIRIAITA.
4484;KVFIGBARCOLSICEASI
4485;LFCVCEXFI
4486;.IQIFL.
4487;.SPM.
4488;.ACER+
4489;.AXOFAI.
4490;.CC.F+
4491;+FFBEQ+
4492;LFCVCEXFI
4493;.ILVDOI+
4494;.LF+
4495;.PHF+
4496;SIS.PFSF.
4497;LAOF+I+
4498;FKAIS
4499;QVN+
4500;LFCVCEXFI
4501;LFCVCEXFI
4502;LFCVCEXFI
4503;LFCVCEXFI
4504;LFCCV
4505;LFLVCCVF.
4506;LFLVCCVF.
4507;LFLVCCVF.
4508;KVFIGBARCOLSICEASI
4509;LFLVCCVFP
4510;LFLVCCVFP
4511;KVFIGBARCOLSICEASI
4512;GFSCVFC
4513;GFSCVFC
4514;GFSCVFC
4515;GFSCVFC
4516;KVFIGBARCOLSICEASI
4517;GFSCVFM
4518;FCCVFPAC
4519;LFCVFS
4520;LFCVFS
4521;PARVA
4522;FIGEDOPPAEFVSCIANI
4523;FIGEDOPPAEFVSCIANI
4524;FIGEDOPPAEFVSCIANI
4525;FIGEDOPPAEFVSCIANI
4526;FIGEDOPPAEFVSCIANI
4527;FIGEDOPPAEFVSCIANI
4528;FBARB
4529;FIGEDOPPAEFVSCIANI
4530;FIGEDOPPAEF
4532;FIGEDOPPAEF
4534;FBARB
4535;FIGEDOPPAEF
4537;FBARB
4538;FIGEDPPAEF
4540;FIGEDPPAEF
4542;FBARB
4543;FIGEDPPAEF
4545;FIGEDPPAEF
4547;FIGEDPPAEF
4549;FIGEDPPAEF
4552;FIGEDPPAEF
4553;VIRG
4554;DATZCOL
4555;FIGEDPPAEF
4556;QMR
4557;PNN
4559;FBARB
4560;FIGEDPPAEF
4562;FIGEDPPAEF
4564;FIGEDPPAEF
4566;PMOCVFIGEDO
4568;PMOCVFIGEDO
4570;PMOCVFIGEDO
4572;FIGBAR
4573;PMOCVFIGEDO
4574;.ITALIS
4575;FIGE.PPAEF
4576;Q+
4577;DATZCOL
4578;NICXIII.
4579;PNN
4580;PN+
4581;TFAMV
4583;PMV
4584;ATF+
4585;QNDPRIM
4586;F+
4587;FLFBASE
4588;MATDEF+NASMARS+
4589;CAS
4590;PNN
4591;LIVNIMELISSI
4592;FLFBALN
4593;PMOCVFIGEDO
4594;PNN
4595;F+BAN
4596;LIVNIMELISSI
4597;PNN
4598;PN+
4599;LFCFP
4600;FLORI
4601;+I
4602;FMFP
4603;PORTO
4605;PVPAT.
4606;PNN
4607;AP+
4608;PNN
4609;+NIM.LISSI
4610;POPVLI
4611;PAM
4613;VITALIS
4614;PMOCVFIGEDO
4615;LFT
4617;PNNF
4618;FCERARIA
4619;FCER.RIA
4620;I.V+
4621;P.N
4622;OFG+
4624;FIIRMI
4625;+R+
4626;EVTYCHIANI
4627;REC
4628;GRADOS
4629;GRADOS
4630;.VTYCH
4631;PNNF
4632;PNN
4633;LIMAFP
4634;PMOCVFIGEDO
4635;FPAT
4636;PNNN
4637;ASVLE
4638;POPVLI
4639;.IIRO.
4640;FIGMED
4641;PMOCVFIGEDO
4642;PNNN
4643;PNN
4644;PAT
4646;NICX.II.
4647;FQAR
4648;HEVELP
4649;QPFRIXI
4650;PC+
4651;HERRMOCU.
4652;LFCCVCA.
4653;+PV+
4654;PMOCVFIGEDO
4655;GRA
4656;QCM
4657;LFCVFM
4658;QIII+
4659;PNNF
4660;FPAT
4661;.ORTO
4662;PNNN
4663;TFAMV
4666;PMOCVFIGEDO
4667;+ER
4668;GRADOS
4669;GR+
4670;+NN
4671;FFT
4672;FIGCE.
4673;MINA+ECN
4674;FIGVLGEMELVALERIANI
4675;FIGBAR
4676;PMOCVFIGEDO
4677;IVN
4678;IIIMINICIOR+
4679;PNNF
4680;PNNF
4681;PNN
4682;QIMFN
4683;CPN.
4684;QIMFN
4685;QIAFS
4686;MATDEFICNASMARSI
4688;QNDPRI
4689;TFAMV
4690;DOMS
4691;MFRONF
4692;FIGBAR
4693;FM+
4694;ML+
4695;A+A
4696;+Q
4698;PMOCVFIGEDO
4699;PMOCVFIGEDO
4700;PNN
4701;LFF.
4702;.A.
4703;PN+
4704;+AT
4705;GRA
4706;TAM
4707;PMOCVFIGEDO
4708;DOMS
4710;+MFS
4711;CAEL+
4712;QIAFS
4713;QSASER
4714;QMR
4715;TAM
4716;.CHO
4717;PN+
4718;.NNF
4719;PMOCVFIGEDO
4720;LFCCVCAT
4721;.NNF
4722;FI+
4723;FIGVLGEMESILVINIL
4724;FI.VLGEMESILVINIL
4725;CAP
4726;FQAR
4727;FICN
4728;ARVAP
4729;PN.
4731;GERMAN.
4732;PMOCVFIGED.
4733;DFF+
4734;GRA
4735;FPAT
4736;AVG.GNN.
4737;FPAT
4738;FIGVLGEMESILVINIL
4739;PNN
4740;FIGMED
4741;PMOCVFIGEDO
4742;PNN
4743;+CAT
4744;CRE+
4745;.VP
4746;PNN+
4747;ILFT
4748;PORTO
4749;PORTO
4750;PNNAR
4751;PNN
4753;.NN
4754;CAS.
4755;PNN+
4756;BVR+
4757;FI+
4758;PNN
4759;QIAFS
4760;FPAT+
4761;GRA
4762;FCVCVM
4763;PMOCVFIGEDO
4764;TFAM+
4765;PNNAR
4766;PMOCV.IGEDO
4767;PNN.
4768;PMOCVFPALM+
4769;FIGMED
4770;FIGME.
4771;PNN
4772;LQA
4773;ROMVLII
4775;DIONY
4776;CAP
4777;PNN
4778;TATILIASTICI
4779;.ADIN.
4780;FIGME.
4781;.ORTO
4782;PNN
4783;LFCCV+
4784;ACIR
4785;FIGBAR
4786;PMOCVFIGEDO
4787;.NN
4788;CAS
4789;CAS.
4790;PNNS+
4791;.FAMV
4792;IIIFFIILVP+
4793;GRA
4794;PORTO
4795;POPVLI
4796;PORTO
4798;MATDEFICNASMARSI
4799;POPVLI
4800;PORTO
4801;CALL
4802;ILFT
4803;GRA
4804;MAT.EFICNASMARSI
4805;ILFT
4806;+NI
4807;POPVLI
4808;PMOCVFIGEDO
4809;+BY+
4810;PNN
4811;+R
4812;.FCSEN
4813;.NNF
4814;PNN
4815;PORTO
4816;POPVLI
4817;.ATDEFIGNASMARSI
4818;PNN
4820;NIGR
4821;CADINE
4822;LCHE
4823;PORT.
4824;EQFA
4825;DOR
4826;QMR
4827;LIDFITALICAE
4828;.QFVA
4829;GPC
4830;PMOCVFIGEDO
4831;AQFVA
4832;LCANT
4833;CAFF.
4834;.ITAL
4835;MATDEFIC.ARSI
4836;POPVLI
4837;.ADINE
4838;.FFT
4840;FPAT
4841;FPAT
4842;MATDEFICNASMARSI
4843;.APDINE
4844;.CIRGI
4845;GRA
4846;+MELELI
4847;CAPR
4848;D+
4849;LFFG
4850;PMOCVFIGEDO
4851;MHC
4852;MGG
4853;AQFVA+
4854;.CHO
4855;LIMFP
4856;FCERA
4858;PMOCVFIGEDO
4860;FIGBAR
4861;PMOCVFIGEDO
4863;PMOCVFIGEDO
4865;PMOCVFIGEDO
4867;PMOCVFIGEDO
4869;PMOCVFIGEDO
4871;FIGBAR
4872;PMOCVFIGEDO
4874;PMOCVFIGEDO
4876;PMOCVFIGEDO
4878;PMOCVFIGEDO
4880;FIGBAR
4881;AVGGGNNNCOLEARIFGRV
4882;FIGBAR
4883;AVGGGNNNCOLEARIFGRV
4884;AVC
4885;AVGGGNNN
4886;AVGGGNNN
4887;AVGGGNNNFICVLBARBA
4888;AVGGGNNNNFIGVLBAR
4889;AVGGGNNNNFIGVLBAR
4890;AVGGGNNNCOLEARIFBARB
4891;AVGGGNNNCOLEARIFBARB
4892;AVGGGNNN+CEPA
4893;AVGGGGNNNCOLEARIFCEPA
4894;AVGGGNNNCOLEARIFGRV
4895;PMOCVFIGEDO
4897;FIGBAR
4898;PMOCVFIGEDO
4900;PMOCVFIGEDO
4902;FIGVLGEMESILVIVIL
4903;LFCCVF+
4904;LFCCVCAT
4905;LFCCVFM
4906;LFCCVFS
4907;CAP
4908;ARAXIFM
4909;ARAXIFM
4910;DATSCOL
4911;AVRSTR
4912;AVRSTR
4913;FC
4914;.CHE
4915;GAMILISILVESTRI
4916;FIGVLGEMELVALENTIS
4917;GDEC
4918;EROTIS
4919;LFCFP
4920;QF.
4921;FOLS
4922;GRA
4923;QIAFS
4924;MI.
4925;LIVNIMELISSI
4926;IIIVNMELISSIETMELISSE
4927;FIGVLGEMELVALENTIS
4928;QNDFAB
4929;QNDFAB
4930;QNDFAB
4931;.NN
4932;FPAT
4933;MQFF
4934;MQFP
4935;GRADOS
4936;LSAR
4937;LSAR
4938;FIGVLGEMELVALERIANI
4939;CTYC
4940;CTYC
4941;LVIV
4942;VE
4943;CA.
4944;SAFLV
4945;AITFISP
4946;FBEL
4947;.BARB
4948;.VFIGBARCOLSICEASI
4949;FIGBAR
4950;FIGVLGEMELVALERIANI
4951;FIGCSIC
4952;FGRV
4953;DYIV
4954;DEFBA
4955;QESVSV
4956;CER
4958;PNN
4959;FIGVLGEMELVALERIANI
4960;QPTATI
4961;.ORTO
4962;QVINTI
4963;SCAL
4964;CANTQVIETI
4965;BELI
4966;DEFBA
4967;MICB
4968;LIVNIMELISSI
4969;QIA
4970;FGEM
4971;GEMEL
4972;GEMELI
4973;GEMELI
4974;GEME
4975;FIGGEMELLIANI
4976;MATFFMARSIANESSES
4977;MATFFMARSIANESSES
4978;MATFFMARSIANESSES
4979;MATFFMARSIANESSES
4980;MATFFMARSIANESSES
4981;MATDFMARSIANESSES
4982;MATDFMARSIANESSES
4983;MATDFMARSIANESSES
4984;MATDFMARSIANESSES
4985;MATDFMARSIANESSES
4986;MATDFMARSIANESSES
4987;AVGGGNNNFIGVLCEPA
4988;MATDFMARSIANESSES
4989;MATDFMARSIANESSES
4990;MATDFMARSIANESSES
4991;MATDEFICLINASMARSIA
4992;MATDEFICLINASMARSIA
4993;MATDEFICLINASMARSIA
4994;MATDEFICLINASMARSIA
4995;MATDEFICLINASMARSIA
4996;MATDEFICLINASMARSIA
4997;MATDEFICLINASMARSIA
4998;AVGGGNNNFIGVLCEPA
4999;MATDEFICLINASMARSIA
5000;MATDEFICLINASMARSIA
5001;MATDEFICLINASMARSIA
5002;MATDEFICLINASMARSIA
5003;MATDEFICLINASMARSIA
5004;.ATDEFICLNASMARSIA
5005;MATDEFIC.ASMARSIA
5006;MATDEFIC.ASMARSIA
5007;MATDEFIC.ASMARSIA
5008;AVGGGNNNFIGVLCEPA
5009;MATDEFIC.ASMARSIA
5010;MATDEFIC.ASMARSIA
5011;MATDEFIC.ASMARSIA
5012;MATDEFIC.ASMARSIA
5013;MATDEFIC.ASMARSIA
5014;MATDEFIC.ASMARSIA
5015;MATDEFIC.ASMARSIA
5016;MATDEFIC.ASMARSIA
5017;MATDEFIC.ASMARSIA
5018;MATDEFIC.NASMARSI
5019;MATDEFIC.NASMARSI
5020;MATDEFIC.NASMARSI
5021;MATDEFIC.NASMARSI
5022;MATDEFIC.NASMARSI
5023;.VGGGNNN.OLEARIFCEPA
5024;FMARST.
5025;FIGMED
5026;FIGMED
5027;FIGMED
5028;FIGMED
5029;.VGGGNNN.OLEARIFCEPA
5030;FIGMED
5031;MEDIANAE
5032;MEDIANAE
5033;MEDIANE
5034;MEDIANE
5035;MEDIANE
5036;MEDIANE
5037;MEDIANE
5038;MEDI
5039;PMOCVF
5041;PMOCVF
5043;PMOCVF
5045;PMOCVF
5047;PMOCVF
5048;.VGGGNNN.OLEARIFCEPA
5050;PMOCVF
5051;PMOCVF
5052;FVNDIPERSEIANI
5053;IIAVRHERACLAEPATETFILFCEPAR
5054;SCALCELS
5055;SCALGAB
5056;SCALHER
5057;SCALNICE
5058;SCA.VEN
5059;SCALESEN
5060;SCALESEN
5061;IIAVRHERACLAEPATETFILFCEPAR
5062;SCALES
5063;SCALES
5064;SCAL
5065;SCAL
5066;SCAL
5067;SCAL
5068;SCAL
5069;SCAL
5070;SCAL
5071;SCAL
5072;IIAVRHERACLAEPATETFILFCEPAR
5073;SCAL
5074;SCAL
5075;SCAL
5076;SCAL
5077;SCAL
5078;SCA
5079;SCA
5080;SCA
5081;SCA
5082;SCA
5083;IIAVRHERACLAEPATETFILFCEPAR
5084;SCA
5085;SCA
5086;SCA
5087;SCA
5088;SCA
5089;IIAVRHERACLAEPATETFILFCEPAR
5090;KVFICCEPACOLLEOPAR
5091;KVFICCEPACOLLEOPAR
5092;.VFIC+OLLEO+
5093;FIGCEP.
5094;.CCEP
5095;FGRVMESEAGGGNNNC.
5096;FGRVMESEAGGGNNNC.
5097;AVGGGNNNCOLEARIFGRV
5098;AVGGGNNNCOLEARIFGRV
5099;VIRGINENSIA
5100;VIRGIN
5101;VIRGIN
5102;VIRGIN
5103;VIRCIN
5104;VIRCIN
5105;VIRCIN
5106;VIRCIN
5107;VIRCIN
5108;VIRCIN
5109;VIRCIN
5110;VIRG
5111;VIRG
5112;VIRG
5113;VIRG
5114;VIRG
5115;IIAVRELHERACLAPATETFILFCRVM
5116;QAR
5117;VIRG
5118;VIRAV
5119;VIRAV
5120;VIRAV
5121;VIRAV
5122;VIRAV
5123;VIRAV
5124;VIRAV
5125;IIAVRELHERACLAPATETFILFCRVM
5126;VIRAV
5127;VIRAV
5128;VIRAV
5129;VIRAV
5130;VIRAV
5131;VIRAV
5132;VIRAV
5133;VIRAV
5134;VIRAV
5135;VIRAV
5136;IIAVRELHERACLAPATETFILFCRVM
5137;VIRI
5138;VIRI
5139;VIRII
5140;VIRII
5141;VIRII
5142;VIRIII
5143;VIRIII
5144;VIRIII
5145;VIRIII
5146;VIRIII
5147;VIRIII
5148;VIRIII
5149;VIRIII
5150;VIRIII
5151;VIRIII
5152;CINLCAN
5153;VIRIII
5154;VIRIIII
5155;VIRIIII
5156;VIRIIII
5157;VIRIIII
5158;KVFIGGRVMCOLSICETASI
5159;VIRIIII
5160;VIRIIII
5161;VIRAV
5162;VIRAV
5163;VIRIIII
5164;KVFIGGRVMCOLSICETASI
5165;LIDFITALICAE
5166;LIDFITALICAE
5167;LIDFITALICAE
5168;LIDFITALICAE
5169;LIDFITAL
5170;LIDFITAL
5171;LIDFITAL
5172;LIDFITAL
5173;LIDFITAL
